Entry	Seq_count
tr|A0A1C9HME1|A0A1C	116
tr|A0A1G6KXS1|A0A1G	4
tr|A0A2T4IVU3|A0A2T	21
tr|A0A4S4A1Y2|A0A4S	2
tr|A0A4V3UR93|A0A4V	1
tr|A0A501PPA9|A0A50	1
tr|A0A532CK55|A0A53	15
tr|A0A560KZU9|A0A56	1
tr|A0A5E4S5B0|A0A5E	2
tr|A7HTQ8|A7HTQ8_PA	1
tr|X7EES9|X7EES9_9R	11
tr|A0A0P1GM60|A0A0P	2
tr|A0A0Q6XY66|A0A0Q	1
tr|A0A1C3VIR9|A0A1C	3
tr|A0A1C3WG67|A0A1C	1
tr|A0A1C3XSH2|A0A1C	51
tr|A0A1H8TML4|A0A1H	1
tr|A0A1Q5H598|A0A1Q	32
tr|A0A1Y5PQI1|A0A1Y	5
tr|A0A258R3V0|A0A25	3
tr|A0A2E0IHE1|A0A2E	1
tr|A0A2N3EK26|A0A2N	1
tr|A0A2T1HX84|A0A2T	1
tr|A0A2W4LYL1|A0A2W	1
tr|A0A397PAL2|A0A39	3
tr|A0A4Z1CAS0|A0A4Z	3
tr|A0A519S041|A0A51	1
tr|A0A549TFT0|A0A54	5
tr|A0A7V9ANY9|A0A7V	1
tr|A0A7W8ERC5|A0A7W	1
tr|A0A7X4DQG5|A0A7X	1
tr|A0A7Z3CQE5|A0A7Z	32
tr|A0A845Q8Q4|A0A84	1
tr|A0A917A385|A0A91	22
tr|A0A936YNP5|A0A93	1
tr|A0A961J139|A0A96	1
tr|A3T328|A3T328_SU	1
tr|Q93UX7|Q93UX7_RH	73
tr|X5Y563|X5Y563_9H	9
tr|A0A154C3X2|A0A15	3
tr|A0A1E4EVB5|A0A1E	2
tr|A0A1G3G8L3|A0A1G	5
tr|A0A1G9A4B3|A0A1G	8
tr|A0A2A4LES6|A0A2A	1
tr|A0A316H4N5|A0A31	9
tr|A0A3M4B356|A0A3M	125
tr|A0A3M5ZMT1|A0A3M	8
tr|A0A3S1TXM0|A0A3S	15
tr|A0A410VHW1|A0A41	5
tr|A0A421BRR0|A0A42	3
tr|A0A4R3JMC4|A0A4R	53
tr|A0A4S3MCV2|A0A4S	6
tr|A0A7W7NV52|A0A7W	3
tr|A0A7W8XTY2|A0A7W	3
tr|A0A934DWN0|A0A93	1
tr|A0A940G4V9|A0A94	1
tr|A0A949TDZ5|A0A94	1
tr|B2IHP8|B2IHP8_BE	1
tr|C0G976|C0G976_9H	59
tr|S9S093|S9S093_9R	11
tr|A0A061QB43|A0A06	2
tr|A0A0P9YMZ3|A0A0P	98
tr|A0A0Q6GTQ0|A0A0Q	43
tr|A0A0Q6WW02|A0A0Q	2
tr|A0A1D9MCF3|A0A1D	1
tr|A0A1I6RNQ5|A0A1I	4
tr|A0A258I7Q3|A0A25	1
tr|A0A259QX45|A0A25	1
tr|A0A2E3PUV7|A0A2E	1
tr|A0A2G9X2I6|A0A2G	1
tr|A0A3A8ADB3|A0A3A	2
tr|A0A3B0ZMT9|A0A3B	1
tr|A0A411WKK1|A0A41	7
tr|A0A4P7PII7|A0A4P	9
tr|A0A4Q3Z4D4|A0A4Q	1
tr|A0A504TXB1|A0A50	5
tr|A0A563Q846|A0A56	102
tr|A0A839EHM5|A0A83	5
tr|A0A841HFK9|A0A84	1
tr|A0A923YPK5|A0A92	2
tr|A0A950JH56|A0A95	1
tr|A0A962FKI0|A0A96	1
tr|A0A975S1X5|A0A97	7
tr|C8RZ53|C8RZ53_9R	1
tr|F0FXH8|F0FXH8_9B	2
tr|A0A0D0QXS5|A0A0D	23
tr|A0A0P1GPY5|A0A0P	1
tr|A0A0P1GYE1|A0A0P	32
tr|A0A1A9GFT9|A0A1A	3
tr|A0A1H3F692|A0A1H	4
tr|A0A1H3TW38|A0A1H	18
tr|A0A1H6GCF5|A0A1H	3
tr|A0A1H7ESF2|A0A1H	1
tr|A0A1H8V4W3|A0A1H	3
tr|A0A1I5WSX6|A0A1I	5
tr|A0A1I7IS76|A0A1I	22
tr|A0A1U6IL92|A0A1U	1
tr|A0A1Y5RRX4|A0A1Y	3
tr|A0A212AYS4|A0A21	1
tr|A0A220STC9|A0A22	1
tr|A0A291U4K2|A0A29	3
tr|A0A2G2D4H9|A0A2G	1
tr|A0A2K8W4A8|A0A2K	2
tr|A0A2N3DE80|A0A2N	2
tr|A0A2N3DE99|A0A2N	2
tr|A0A2W5HTV2|A0A2W	1
tr|A0A397PJV4|A0A39	2
tr|A0A3M1A273|A0A3M	5
tr|A0A4R6VSN0|A0A4R	2
tr|A0A560HA96|A0A56	7
tr|A0A5P8Z037|A0A5P	2
tr|A0A5S9BRE5|A0A5S	15
tr|A0A7C9M6E9|A0A7C	12
tr|A0A8B5PSL2|A0A8B	1
tr|A0A8J8AWG8|A0A8J	1
tr|A0A031K1J6|A0A03	1
tr|A0A0P1ERB7|A0A0P	1
tr|A0A126RAC5|A0A12	1
tr|A0A1E4DLQ0|A0A1E	8
tr|A0A1F3B4F4|A0A1F	1
tr|A0A1G5PM41|A0A1G	1
tr|A0A1G9J809|A0A1G	293
tr|A0A257EXF9|A0A25	1
tr|A0A2E1CXD0|A0A2E	1
tr|A0A2I7KGY7|A0A2I	4
tr|A0A2T4JWW2|A0A2T	3
tr|A0A368L7W3|A0A36	1
tr|A0A4Q3YAH6|A0A4Q	6
tr|A0A4R7B179|A0A4R	1
tr|A0A4V1BJ33|A0A4V	3
tr|A0A508WWW8|A0A50	28
tr|A0A5C8IPM4|A0A5C	1
tr|A0A651EAA1|A0A65	1
tr|A0A6J5C7F3|A0A6J	101
tr|A0A6L9MKP0|A0A6L	3
tr|A0A7W1AQ60|A0A7W	1
tr|A0A849RYP3|A0A84	1
tr|A0A850KPH0|A0A85	2
tr|A0A918P719|A0A91	1
tr|A0A922VC19|A0A92	1
tr|A8LML2|A8LML2_DI	1
tr|C5B5L8|C5B5L8_ME	2
tr|Q11FX6|Q11FX6_CH	1
tr|Q8VM81|Q8VM81_RH	59
tr|W6RLS5|W6RLS5_9H	6
tr|A0A086P7S6|A0A08	6
tr|A0A154W460|A0A15	2
tr|A0A1H0VT01|A0A1H	5
tr|A0A1I5ZZ13|A0A1I	2
tr|A0A1V0GYF8|A0A1V	1
tr|A0A2G4YSZ9|A0A2G	1
tr|A0A2M7EMC1|A0A2M	2
tr|A0A2M8N321|A0A2M	4
tr|A0A2P7B631|A0A2P	7
tr|A0A2T4JJM0|A0A2T	1
tr|A0A442J2U9|A0A44	1
tr|A0A442X5T6|A0A44	2
tr|A0A545U1F6|A0A54	1
tr|A0A562USE5|A0A56	3
tr|A0A5C7XK50|A0A5C	1
tr|A0A6N9R4Z4|A0A6N	1
tr|A0A7H0G269|A0A7H	1
tr|A0A7W6FZG8|A0A7W	1
tr|A0A7W6VCA3|A0A7W	107
tr|A0A7X6FY31|A0A7X	1
tr|A0A7Y7WXH7|A0A7Y	1
tr|A0A840HZ46|A0A84	1
tr|A0A8G0ZYJ8|A0A8G	1
tr|A0A8J3EUH6|A0A8J	1
tr|A0A941LM81|A0A94	3
tr|A0A017HIE3|A0A01	4
tr|A0A081RKC1|A0A08	12
tr|A0A0F3KHL7|A0A0F	9
tr|A0A0J9E5Z9|A0A0J	1
tr|A0A0P1FAX4|A0A0P	2
tr|A0A0P9HFK4|A0A0P	67
tr|A0A135HS78|A0A13	6
tr|A0A145ZA93|A0A14	660
tr|A0A154C3Q6|A0A15	3
tr|A0A1F4HIJ3|A0A1F	3
tr|A0A1H7BXY3|A0A1H	1
tr|A0A1K1SYB5|A0A1K	4
tr|A0A1L3ZPW2|A0A1L	25
tr|A0A1U7DJX1|A0A1U	1
tr|A0A2A5KIN1|A0A2A	4
tr|A0A2N3CL27|A0A2N	1
tr|A0A2N7VDZ3|A0A2N	4
tr|A0A2P7B6T0|A0A2P	1
tr|A0A2T6KK85|A0A2T	1
tr|A0A2U2DH62|A0A2U	24
tr|A0A350AE72|A0A35	2
tr|A0A370L5K7|A0A37	2
tr|A0A370MYW4|A0A37	2
tr|A0A3B7DWP2|A0A3B	5
tr|A0A3B8YI45|A0A3B	3
tr|A0A3M1A662|A0A3M	1
tr|A0A494XLK1|A0A49	1
tr|A0A521W8F2|A0A52	2
tr|A0A553ATF7|A0A55	1
tr|A0A6L8VF95|A0A6L	2
tr|A0A6P2GKI0|A0A6P	8
tr|A0A7C4TPA8|A0A7C	1
tr|A0A7W7JYE6|A0A7W	1
tr|A0A7X0IRJ5|A0A7X	35
tr|A0A7X3FZ39|A0A7X	2
tr|A0A844Z1U3|A0A84	1
tr|A0A848FFI9|A0A84	1
tr|A0A8B3L919|A0A8B	118
tr|A0A8T4ASG8|A0A8T	1
tr|A0A924NG70|A0A92	1
tr|A0A961RDD2|A0A96	1
tr|A0A962HUX8|A0A96	1
tr|A0A963SVP4|A0A96	1
tr|A0A975PNA0|A0A97	1
tr|I4N2L6|I4N2L6_9P	1
tr|J3HUF8|J3HUF8_9H	1
tr|K8D9Y1|K8D9Y1_CR	14
tr|M4ZKZ7|M4ZKZ7_9B	3
tr|N9VBG5|N9VBG5_9G	92
tr|X6G216|X6G216_9H	18
tr|A0A068RB44|A0A06	9
tr|A0A068T319|A0A06	12
tr|A0A074TIH2|A0A07	3
tr|A0A081BEZ8|A0A08	1
tr|A0A0D0QHG8|A0A0D	1
tr|A0A0E2NGE9|A0A0E	2
tr|A0A0W1F3A1|A0A0W	1
tr|A0A1C7C473|A0A1C	17
tr|A0A1H4CK83|A0A1H	1
tr|A0A1H4F991|A0A1H	1
tr|A0A1H4MGU5|A0A1H	3
tr|A0A1H6FPM2|A0A1H	1
tr|A0A1N6Y036|A0A1N	1
tr|A0A1Q4CPH7|A0A1Q	3
tr|A0A1V2VRY0|A0A1V	9
tr|A0A1W9J372|A0A1W	1
tr|A0A1X7FYF5|A0A1X	1
tr|A0A1X9YIN8|A0A1X	2
tr|A0A1Y0FQT5|A0A1Y	6
tr|A0A235AQG3|A0A23	87
tr|A0A256EYV7|A0A25	1
tr|A0A256GAZ2|A0A25	1
tr|A0A2A5GTZ5|A0A2A	1
tr|A0A2A7S231|A0A2A	14
tr|A0A2D5RKW4|A0A2D	5
tr|A0A2E1XTP5|A0A2E	11
tr|A0A2E3ATY4|A0A2E	6
tr|A0A2G2L346|A0A2G	1
tr|A0A2S4JXB6|A0A2S	2
tr|A0A2W4N4E5|A0A2W	1
tr|A0A3D4GN02|A0A3D	1
tr|A0A3M1Q1D6|A0A3M	1
tr|A0A3M2VST6|A0A3M	76
tr|A0A4Q3DWP9|A0A4Q	1
tr|A0A4S3MC15|A0A4S	1
tr|A0A4T3F6Z7|A0A4T	1
tr|A0A546YYP2|A0A54	4
tr|A0A651FYT9|A0A65	2
tr|A0A6M1MMH7|A0A6M	4
tr|A0A7W0X4H4|A0A7W	1
tr|A0A7Y4FKG0|A0A7Y	1
tr|A0A844ZNC7|A0A84	1
tr|A0A845AFY4|A0A84	30
tr|A0A8X8GZ56|A0A8X	1
tr|A0A916XJU8|A0A91	1
tr|A0A918WF54|A0A91	1
tr|A0A927JNZ3|A0A92	1
tr|A0A938DG23|A0A93	1
tr|A0A939JVD3|A0A93	2
tr|A0A969EZC3|A0A96	1
tr|E6WA98|E6WA98_PA	2
tr|S5YT28|S5YT28_PA	1
tr|X5MMN0|X5MMN0_9H	1
tr|A0A023X8Y5|A0A02	12
tr|A0A060ICC8|A0A06	13
tr|A0A0H5D3D9|A0A0H	1
tr|A0A1E5Q946|A0A1E	1
tr|A0A1G3JCG4|A0A1G	8
tr|A0A1H0DY37|A0A1H	1
tr|A0A1H5SWV3|A0A1H	8
tr|A0A1M4UDT0|A0A1M	1
tr|A0A1M5NJM0|A0A1M	1
tr|A0A1W9IXY5|A0A1W	1
tr|A0A228Q614|A0A22	1
tr|A0A243PJD7|A0A24	13
tr|A0A2A4T274|A0A2A	1
tr|A0A2D4SEF7|A0A2D	1
tr|A0A2K8Y5X2|A0A2K	1
tr|A0A2P7ANY2|A0A2P	1
tr|A0A2S5JDC6|A0A2S	2
tr|A0A355WGX4|A0A35	1
tr|A0A3C1SU14|A0A3C	4
tr|A0A4R1NJL0|A0A4R	1
tr|A0A4R5PI89|A0A4R	6
tr|A0A4R6EZI0|A0A4R	1
tr|A0A4Y8SR75|A0A4Y	1
tr|A0A522MQS6|A0A52	1
tr|A0A537M1P9|A0A53	1
tr|A0A5J5GAT0|A0A5J	1
tr|A0A651ECX3|A0A65	1
tr|A0A6A7Y177|A0A6A	1
tr|A0A6B9XX67|A0A6B	7
tr|A0A6L7GEG8|A0A6L	1
tr|A0A7W0X4R8|A0A7W	1
tr|A0A7X3Q9Y0|A0A7X	1
tr|A0A7Y5DF86|A0A7Y	1
tr|A0A8B2NU22|A0A8B	1
tr|A0A8I1RYP7|A0A8I	1
tr|A0A8J7IYK6|A0A8J	1
tr|A0A916N4X0|A0A91	1
tr|A0A916U467|A0A91	1
tr|A0A927HDR2|A0A92	8
tr|A0A936FNY2|A0A93	1
tr|A0A942Q586|A0A94	2
tr|A0A949TCR5|A0A94	1
tr|A0A963MPS6|A0A96	1
tr|A0A972FZJ9|A0A97	3
tr|A1KYQ9|A1KYQ9_AE	52
tr|C4RAJ6|C4RAJ6_9P	1
tr|D5ARH7|D5ARH7_RH	6
tr|E6QPQ1|E6QPQ1_9Z	3
tr|I8HXM2|I8HXM2_9G	1
tr|K2JCJ5|K2JCJ5_9R	5
tr|S9RW60|S9RW60_9R	1
tr|A0A0M3GJ39|A0A0M	102
tr|A0A0Q7DGI3|A0A0Q	1
tr|A0A127FDT3|A0A12	1
tr|A0A175RDB2|A0A17	2
tr|A0A176YNK2|A0A17	3
tr|A0A1E2S054|A0A1E	2
tr|A0A1F4H3X7|A0A1F	4
tr|A0A1G7E2H1|A0A1G	3
tr|A0A1G7YD35|A0A1G	1
tr|A0A1H8DE49|A0A1H	3
tr|A0A1I4QHG1|A0A1I	4
tr|A0A1N6WD34|A0A1N	4
tr|A0A1N7LHR3|A0A1N	1
tr|A0A1R1JBQ7|A0A1R	3
tr|A0A1V5CCH4|A0A1V	1
tr|A0A1X0XZJ6|A0A1X	2
tr|A0A2E2EAR9|A0A2E	1
tr|A0A2E2X943|A0A2E	2
tr|A0A2E3ATT6|A0A2E	6
tr|A0A2E3FAG3|A0A2E	1
tr|A0A2L0A6W7|A0A2L	1
tr|A0A2R4WQS8|A0A2R	2
tr|A0A2U1X6R0|A0A2U	1
tr|A0A2U9T0I1|A0A2U	13
tr|A0A2X0QY22|A0A2X	2
tr|A0A2Y9AWP4|A0A2Y	1
tr|A0A350SSQ0|A0A35	5
tr|A0A358JMX2|A0A35	1
tr|A0A368K084|A0A36	1
tr|A0A3G8M061|A0A3G	1
tr|A0A442YG36|A0A44	26
tr|A0A4Q3J4H8|A0A4Q	2
tr|A0A657LQW0|A0A65	32
tr|A0A6I3T3Z5|A0A6I	1
tr|A0A6I7HGH3|A0A6I	3
tr|A0A6L6VJL0|A0A6L	1
tr|A0A6M4ARG7|A0A6M	1
tr|A0A7S7QSP2|A0A7S	3
tr|A0A7W6H3B4|A0A7W	1
tr|A0A841LTA6|A0A84	1
tr|A0A916XU56|A0A91	1
tr|A0A919E8G8|A0A91	1
tr|A0A931MG22|A0A93	1
tr|A0A942L2E8|A0A94	2
tr|A0A963WB78|A0A96	1
tr|A0A975JCD9|A0A97	1
tr|A4STL9|A4STL9_AE	53
tr|A8LK93|A8LK93_DI	1
tr|F7VIC4|F7VIC4_9P	2
tr|H1KFK7|H1KFK7_ME	1
tr|M2Z3V3|M2Z3V3_9P	1
tr|Q2RNV6|Q2RNV6_RH	1
tr|A0A0C5WKR1|A0A0C	1
tr|A0A0E2NI01|A0A0E	4
tr|A0A0M3TAZ4|A0A0M	2
tr|A0A0P1E910|A0A0P	2
tr|A0A175R5M1|A0A17	4
tr|A0A177PE20|A0A17	1
tr|A0A1G9FQB9|A0A1G	2
tr|A0A1I3H135|A0A1I	1
tr|A0A1R3VA43|A0A1R	31
tr|A0A1X0WH35|A0A1X	1
tr|A0A255Z7T9|A0A25	2
tr|A0A2B8BNE5|A0A2B	1
tr|A0A2E5TCH5|A0A2E	3
tr|A0A2K9ENB5|A0A2K	1
tr|A0A2N0H5S1|A0A2N	1
tr|A0A2N7W3R6|A0A2N	1
tr|A0A2R8B5M4|A0A2R	5
tr|A0A2T5BBD1|A0A2T	4
tr|A0A2T6ATH6|A0A2T	1
tr|A0A2W6X1C1|A0A2W	1
tr|A0A2X4Z1Z9|A0A2X	45
tr|A0A357G2K5|A0A35	1
tr|A0A3C1FIV8|A0A3C	2
tr|A0A3D0G7R3|A0A3D	1
tr|A0A3M1ADR1|A0A3M	1
tr|A0A418NKV6|A0A41	1
tr|A0A443JA37|A0A44	3
tr|A0A4R3NXK2|A0A4R	1
tr|A0A4R3UHF6|A0A4R	1
tr|A0A521W8G4|A0A52	1
tr|A0A522GVL2|A0A52	2
tr|A0A523FRS5|A0A52	1
tr|A0A5A9EWM2|A0A5A	1
tr|A0A6B2JPM3|A0A6B	1
tr|A0A6C2CNV4|A0A6C	1
tr|A0A6L4B7B3|A0A6L	1
tr|A0A6L5FM18|A0A6L	1
tr|A0A7W3WAI4|A0A7W	1
tr|A0A841QE31|A0A84	2
tr|A0A843RI80|A0A84	1
tr|A0A843YEJ0|A0A84	1
tr|A0A8I1Z5S1|A0A8I	1
tr|A0A949WSW3|A0A94	1
tr|A0A951HLU5|A0A95	1
tr|A0A963Z3J7|A0A96	1
tr|V4P235|V4P235_9C	3
tr|A0A084ESX8|A0A08	3
tr|A0A0F4FQB1|A0A0F	49
tr|A0A0H3WXZ9|A0A0H	17
tr|A0A0L0ENZ4|A0A0L	9
tr|A0A0Q6SYU7|A0A0Q	1
tr|A0A0S3PZS1|A0A0S	1
tr|A0A147EHC1|A0A14	30
tr|A0A160DZ29|A0A16	2
tr|A0A1D8A2M8|A0A1D	1
tr|A0A1E5XNJ6|A0A1E	1
tr|A0A1F6TDI6|A0A1F	1
tr|A0A1G6QU65|A0A1G	3
tr|A0A1H4MRG8|A0A1H	3
tr|A0A1I7K1X4|A0A1I	12
tr|A0A1V5CGV8|A0A1V	1
tr|A0A1Y5RVC0|A0A1Y	2
tr|A0A1Y5SVH6|A0A1Y	2
tr|A0A2G2R000|A0A2G	1
tr|A0A2S7K4Y6|A0A2S	3
tr|A0A353G820|A0A35	3
tr|A0A366WJT6|A0A36	1
tr|A0A369T8T8|A0A36	1
tr|A0A3A1PA74|A0A3A	1
tr|A0A3P0SDP9|A0A3P	3
tr|A0A3S1R5K6|A0A3S	1
tr|A0A518RCI2|A0A51	1
tr|A0A552UJC8|A0A55	2
tr|A0A5C8ZZH8|A0A5C	2
tr|A0A5E7ARJ9|A0A5E	2
tr|A0A5J6X1N9|A0A5J	1
tr|A0A6N0WVV6|A0A6N	1
tr|A0A7W3NLA0|A0A7W	9
tr|A0A840HWE2|A0A84	1
tr|A0A961MIJ9|A0A96	1
tr|A0A966GHR9|A0A96	1
tr|A0A975Q183|A0A97	1
tr|E1JZA9|E1JZA9_SO	1
tr|H0PZN9|H0PZN9_9R	1
tr|H6SLK9|H6SLK9_PA	1
tr|M8A7W3|M8A7W3_RH	2
tr|Q8KW81|Q8KW81_9R	1
tr|S5XVD4|S5XVD4_PA	1
tr|W6K5K2|W6K5K2_MA	1
tr|A0A0C1V4Q9|A0A0C	3
tr|A0A0H0XNE4|A0A0H	1
tr|A0A0Q5W2G4|A0A0Q	2
tr|A0A0Q6P3F1|A0A0Q	3
tr|A0A0R3DZN7|A0A0R	21
tr|A0A108LEM3|A0A10	6
tr|A0A143ZI29|A0A14	8
tr|A0A1C2G308|A0A1C	2
tr|A0A1I3H1E0|A0A1I	16
tr|A0A1I7LZW7|A0A1I	2
tr|A0A1I7MTM1|A0A1I	3
tr|A0A1N7JLA7|A0A1N	1
tr|A0A1U6IX38|A0A1U	3
tr|A0A1V0PQL4|A0A1V	1
tr|A0A1W9IIE2|A0A1W	2
tr|A0A219B922|A0A21	1
tr|A0A248JVL0|A0A24	7
tr|A0A285M9G8|A0A28	1
tr|A0A291LYZ9|A0A29	2
tr|A0A291MXZ9|A0A29	1
tr|A0A2D1R4W1|A0A2D	9
tr|A0A2E2ZXF6|A0A2E	1
tr|A0A2E7B3H2|A0A2E	14
tr|A0A2M9PFJ2|A0A2M	1
tr|A0A2T0X866|A0A2T	1
tr|A0A2U2DUU1|A0A2U	1
tr|A0A2U9T1Y4|A0A2U	2
tr|A0A318SXE6|A0A31	1
tr|A0A397PAY1|A0A39	1
tr|A0A3B9H1R8|A0A3B	2
tr|A0A3P3DKK8|A0A3P	2
tr|A0A3S0NRF0|A0A3S	11
tr|A0A4P6HGW5|A0A4P	3
tr|A0A4P6MGU9|A0A4P	1
tr|A0A4Q3NGW8|A0A4Q	3
tr|A0A4Q5PZA0|A0A4Q	7
tr|A0A4R2MKE7|A0A4R	1
tr|A0A4R3JPD9|A0A4R	1
tr|A0A4R7NT44|A0A4R	1
tr|A0A4V0Z3B5|A0A4V	1
tr|A0A4V3M3G7|A0A4V	1
tr|A0A4Y8P8P1|A0A4Y	2
tr|A0A502FTK0|A0A50	1
tr|A0A558QZW7|A0A55	1
tr|A0A559QIR4|A0A55	1
tr|A0A564FST7|A0A56	10
tr|A0A5E4VF30|A0A5E	3
tr|A0A5E7XQ12|A0A5E	1
tr|A0A5R9NZ39|A0A5R	1
tr|A0A6I4E9K2|A0A6I	9
tr|A0A6J5G365|A0A6J	6
tr|A0A6N1X9Y4|A0A6N	1
tr|A0A7C7PR84|A0A7C	2
tr|A0A7W7Z2X0|A0A7W	1
tr|A0A7W9BL94|A0A7W	1
tr|A0A829Y7E9|A0A82	1
tr|A0A840X1N8|A0A84	1
tr|A0A844AJK4|A0A84	1
tr|A0A917V3G8|A0A91	1
tr|A0A962YWZ5|A0A96	1
tr|A0A963WL74|A0A96	3
tr|A0A976KQY3|A0A97	1
tr|B0SZK2|B0SZK2_CA	10
tr|B2IKZ9|B2IKZ9_BE	1
tr|D2U307|D2U307_9G	2
tr|J0QYB4|J0QYB4_9H	1
tr|N6YYR4|N6YYR4_TH	1
tr|T0H602|T0H602_9S	1
tr|W8HXH1|W8HXH1_EN	46
tr|A0A081R9F5|A0A08	1
tr|A0A0A1W4T0|A0A0A	3
tr|A0A0H5DIU7|A0A0H	1
tr|A0A0N1BQE1|A0A0N	1
tr|A0A0N8KD96|A0A0N	1
tr|A0A0P1IP70|A0A0P	1
tr|A0A0Q5WVG1|A0A0Q	1
tr|A0A0U3MQ07|A0A0U	1
tr|A0A177SC73|A0A17	5
tr|A0A1H3G9M0|A0A1H	2
tr|A0A1H6NAD5|A0A1H	1
tr|A0A1Q4ULL4|A0A1Q	5
tr|A0A1Q4ULZ1|A0A1Q	3
tr|A0A1V5QSF9|A0A1V	1
tr|A0A1Z1NXI4|A0A1Z	1
tr|A0A2A4Z316|A0A2A	1
tr|A0A2A5BVZ2|A0A2A	2
tr|A0A2E6RUM7|A0A2E	3
tr|A0A2G1QIF4|A0A2G	1
tr|A0A2H5EVU7|A0A2H	1
tr|A0A2N7VPJ2|A0A2N	1
tr|A0A2R7T0T8|A0A2R	2
tr|A0A2R8BET9|A0A2R	18
tr|A0A2S8SCG3|A0A2S	2
tr|A0A2T7FYE0|A0A2T	1
tr|A0A2T7W3B3|A0A2T	1
tr|A0A2V1P923|A0A2V	1
tr|A0A2W5HY20|A0A2W	2
tr|A0A2W5L064|A0A2W	1
tr|A0A355QWN4|A0A35	1
tr|A0A387GYW6|A0A38	3
tr|A0A3B9YSW3|A0A3B	1
tr|A0A3D3YZX6|A0A3D	3
tr|A0A3Q8YNZ3|A0A3Q	4
tr|A0A4Q4IS68|A0A4Q	2
tr|A0A4S4NFU4|A0A4S	1
tr|A0A4Y6RW58|A0A4Y	1
tr|A0A512ARE6|A0A51	1
tr|A0A519QZG2|A0A51	1
tr|A0A5B8FGT9|A0A5B	1
tr|A0A6I4U9J9|A0A6I	1
tr|A0A6L2ZS72|A0A6L	2
tr|A0A6N3AEY5|A0A6N	15
tr|A0A6N6JLU5|A0A6N	1
tr|A0A7G9L3Z2|A0A7G	1
tr|A0A7S9YUT8|A0A7S	2
tr|A0A7X8XTG6|A0A7X	5
tr|A0A7Y3T909|A0A7Y	1
tr|A0A7Y4FIK3|A0A7Y	1
tr|A0A7Y7ISW4|A0A7Y	1
tr|A0A841HPD8|A0A84	1
tr|A0A843YH60|A0A84	1
tr|A0A916XZZ0|A0A91	1
tr|A0A927D4F7|A0A92	1
tr|A0A935K8B8|A0A93	1
tr|A0A940S0E9|A0A94	16
tr|A0A942ITH0|A0A94	2
tr|A0A951SFZ2|A0A95	1
tr|A0A972V649|A0A97	1
tr|Q11ZG0|Q11ZG0_PO	1
tr|V4PCZ4|V4PCZ4_9C	1
tr|A0A062U0D3|A0A06	2
tr|A0A0B1ZDS7|A0A0B	5
tr|A0A0B5FC85|A0A0B	27
tr|A0A0M6XUZ7|A0A0M	2
tr|A0A0M6YF09|A0A0M	1
tr|A0A0M9EJE8|A0A0M	3
tr|A0A0N1AHS4|A0A0N	2
tr|A0A0P7J4A3|A0A0P	1
tr|A0A0Q5EV60|A0A0Q	1
tr|A0A0S2DTI4|A0A0S	10
tr|A0A0W0N7B7|A0A0W	10
tr|A0A165NDM6|A0A16	7
tr|A0A196PG58|A0A19	2
tr|A0A1D9HAC2|A0A1D	1
tr|A0A1E4MAR0|A0A1E	1
tr|A0A1F3BW75|A0A1F	1
tr|A0A1I3CFP6|A0A1I	1
tr|A0A1I3F0H1|A0A1I	24
tr|A0A1I4RCU7|A0A1I	20
tr|A0A1I7BUN4|A0A1I	2
tr|A0A1J5J4Y7|A0A1J	1
tr|A0A1J5RXY4|A0A1J	1
tr|A0A1M7UBZ2|A0A1M	1
tr|A0A1T2A3F5|A0A1T	6
tr|A0A1W1Z3K3|A0A1W	2
tr|A0A258KYX7|A0A25	1
tr|A0A259DW16|A0A25	2
tr|A0A285PDX7|A0A28	2
tr|A0A285PHD2|A0A28	1
tr|A0A2A4FMZ1|A0A2A	1
tr|A0A2A4MTG3|A0A2A	1
tr|A0A2A4U0P7|A0A2A	1
tr|A0A2K8MKA4|A0A2K	1
tr|A0A2S3UJV7|A0A2S	3
tr|A0A2S3UMH8|A0A2S	1
tr|A0A317PLK9|A0A31	1
tr|A0A348G3M7|A0A34	1
tr|A0A396RP68|A0A39	1
tr|A0A3A1NY45|A0A3A	1
tr|A0A3C1BTR1|A0A3C	1
tr|A0A3E0WKT3|A0A3E	1
tr|A0A3M3RQL4|A0A3M	4
tr|A0A3Q8Y2E0|A0A3Q	6
tr|A0A3R5Y7M8|A0A3R	1
tr|A0A411X345|A0A41	5
tr|A0A4Q3HJP1|A0A4Q	1
tr|A0A4R1KC61|A0A4R	1
tr|A0A4V6RF40|A0A4V	1
tr|A0A512H5M2|A0A51	1
tr|A0A518RJK5|A0A51	1
tr|A0A539DFE1|A0A53	3
tr|A0A5D4GQ97|A0A5D	1
tr|A0A5J6MDR8|A0A5J	2
tr|A0A645CA81|A0A64	1
tr|A0A6S6MN59|A0A6S	12
tr|A0A7L8S699|A0A7L	1
tr|A0A7W3Q702|A0A7W	4
tr|A0A7X8T139|A0A7X	1
tr|A0A844W7U2|A0A84	1
tr|A0A849EU06|A0A84	1
tr|A0A928Y1K8|A0A92	1
tr|A0A935KCS3|A0A93	1
tr|A0A937CT05|A0A93	1
tr|A0A940KBJ8|A0A94	1
tr|A0A961URT6|A0A96	1
tr|B2IL02|B2IL02_BE	1
tr|B4RE00|B4RE00_PH	1
tr|A0A031JZN3|A0A03	3
tr|A0A0F4RKL0|A0A0F	13
tr|A0A0P0NYA0|A0A0P	1
tr|A0A0P1EQ91|A0A0P	1
tr|A0A0U4WDW1|A0A0U	13
tr|A0A120GBY4|A0A12	1
tr|A0A1B2A9L6|A0A1B	1
tr|A0A1E7TVJ2|A0A1E	6
tr|A0A1G1H8R0|A0A1G	1
tr|A0A1G7LVD1|A0A1G	1
tr|A0A1H1DSI6|A0A1H	1
tr|A0A1H4UE34|A0A1H	2
tr|A0A1H6P6H8|A0A1H	42
tr|A0A1I3PYD0|A0A1I	1
tr|A0A1I4T3K5|A0A1I	2
tr|A0A1I7A3R3|A0A1I	18
tr|A0A1P8MR49|A0A1P	1
tr|A0A1Q4DQ08|A0A1Q	1
tr|A0A1Q9AW30|A0A1Q	1
tr|A0A238LAW4|A0A23	1
tr|A0A248UBN7|A0A24	5
tr|A0A257YIG2|A0A25	3
tr|A0A258J5Z4|A0A25	3
tr|A0A2A4P5L5|A0A2A	1
tr|A0A2A8HNY6|A0A2A	1
tr|A0A2D2AUZ1|A0A2D	1
tr|A0A2D5IYV3|A0A2D	2
tr|A0A2D8X199|A0A2D	1
tr|A0A2R8BHY8|A0A2R	1
tr|A0A2S0MV16|A0A2S	2
tr|A0A2T7VYN7|A0A2T	1
tr|A0A2U3BDC0|A0A2U	2
tr|A0A353G4V9|A0A35	1
tr|A0A395CTG3|A0A39	1
tr|A0A3A3DIN9|A0A3A	1
tr|A0A3M1K096|A0A3M	1
tr|A0A3M4W2R4|A0A3M	3
tr|A0A3M9XQR9|A0A3M	2
tr|A0A3N7RMG6|A0A3N	1
tr|A0A3R9MLQ6|A0A3R	1
tr|A0A3S8U2G5|A0A3S	1
tr|A0A419QYH7|A0A41	1
tr|A0A4R3Y2M6|A0A4R	1
tr|A0A4U0GME9|A0A4U	1
tr|A0A502FF51|A0A50	1
tr|A0A521B457|A0A52	25
tr|A0A527QEA1|A0A52	1
tr|A0A553GVV6|A0A55	1
tr|A0A5D0RK19|A0A5D	1
tr|A0A6B8MCX4|A0A6B	2
tr|A0A6I3W8J0|A0A6I	1
tr|A0A6P0BUG2|A0A6P	1
tr|A0A7W9BPW8|A0A7W	1
tr|A0A7Y2CXA7|A0A7Y	2
tr|A0A7Y6TZB3|A0A7Y	1
tr|A0A841GP57|A0A84	2
tr|A0A8J3M8G1|A0A8J	2
tr|A0A916TT04|A0A91	1
tr|A0A936BLR0|A0A93	1
tr|A0A941T9X0|A0A94	1
tr|A0A952ABZ8|A0A95	1
tr|A0A972LN34|A0A97	1
tr|A0A973S940|A0A97	1
tr|A0A975G3Y6|A0A97	1
tr|B1Y1W7|B1Y1W7_LE	1
tr|D0LSA4|D0LSA4_HA	1
tr|L0NG97|L0NG97_9H	2
tr|Q2RT10|Q2RT10_RH	1
tr|X5PSB2|X5PSB2_9H	1
tr|A0A060ID26|A0A06	1
tr|A0A083ZUN2|A0A08	2
tr|A0A084EES2|A0A08	39
tr|A0A0B4XB25|A0A0B	1
tr|A0A0F4XRA6|A0A0F	36
tr|A0A0F5LDC8|A0A0F	2
tr|A0A0F9IIX0|A0A0F	4
tr|A0A0H3AE22|A0A0H	20
tr|A0A0L1JMH4|A0A0L	1
tr|A0A0P1INL2|A0A0P	2
tr|A0A0Q6DJB4|A0A0Q	3
tr|A0A0R3LH65|A0A0R	11
tr|A0A0W1GQD7|A0A0W	11
tr|A0A126S4W5|A0A12	21
tr|A0A127CFK1|A0A12	2
tr|A0A127SD29|A0A12	2
tr|A0A132EJJ3|A0A13	6
tr|A0A177H5D9|A0A17	1
tr|A0A192A5I8|A0A19	3
tr|A0A1B1PKG1|A0A1B	3
tr|A0A1B6ZEU7|A0A1B	1
tr|A0A1C2HHH3|A0A1C	1
tr|A0A1E4K209|A0A1E	2
tr|A0A1G4QIV7|A0A1G	4
tr|A0A1G7FP82|A0A1G	4
tr|A0A1H5WLF9|A0A1H	1
tr|A0A1H6H8A7|A0A1H	1
tr|A0A1I1NTY7|A0A1I	2
tr|A0A1I3S0Q6|A0A1I	1
tr|A0A1I6M485|A0A1I	1
tr|A0A1L9P293|A0A1L	3
tr|A0A1M2ZZI9|A0A1M	1
tr|A0A1M4N423|A0A1M	4
tr|A0A1M4WAN2|A0A1M	9
tr|A0A1M5QUC5|A0A1M	3
tr|A0A1N6F8G4|A0A1N	2
tr|A0A1Q4URE5|A0A1Q	1
tr|A0A1R3WX91|A0A1R	1
tr|A0A1S7U853|A0A1S	12
tr|A0A1Z8L0N2|A0A1Z	3
tr|A0A239CG55|A0A23	1
tr|A0A240AQY2|A0A24	34
tr|A0A2A4CRS2|A0A2A	1
tr|A0A2D2B1S3|A0A2D	1
tr|A0A2E6QMR8|A0A2E	1
tr|A0A2G1MK56|A0A2G	1
tr|A0A2K8YK11|A0A2K	2
tr|A0A2L1UXH1|A0A2L	7
tr|A0A2M8J7B3|A0A2M	1
tr|A0A2M9PD26|A0A2M	1
tr|A0A2N2THJ2|A0A2N	2
tr|A0A2P7B1S9|A0A2P	1
tr|A0A2R8AZK3|A0A2R	1
tr|A0A2S9Q5Y7|A0A2S	1
tr|A0A2T7G1R7|A0A2T	8
tr|A0A2W5HCM6|A0A2W	1
tr|A0A349MG43|A0A34	1
tr|A0A3S0EJF1|A0A3S	1
tr|A0A418ZYV3|A0A41	3
tr|A0A429Z2U0|A0A42	1
tr|A0A4R0PF53|A0A4R	1
tr|A0A4R2RLF9|A0A4R	1
tr|A0A4R3XFC8|A0A4R	10
tr|A0A4R5PPB5|A0A4R	4
tr|A0A4S3MN07|A0A4S	1
tr|A0A507ZRC9|A0A50	2
tr|A0A522UT01|A0A52	1
tr|A0A545TYJ4|A0A54	1
tr|A0A562PNZ8|A0A56	1
tr|A0A5D9C3D2|A0A5D	15
tr|A0A5J6MJP5|A0A5J	1
tr|A0A5K7ZB32|A0A5K	1
tr|A0A6B2JQD6|A0A6B	1
tr|A0A7D5D8P5|A0A7D	1
tr|A0A7D5H6E5|A0A7D	1
tr|A0A7G7X6J9|A0A7G	2
tr|A0A7S8EJI6|A0A7S	2
tr|A0A7S9VT79|A0A7S	1
tr|A0A7W6FX15|A0A7W	3
tr|A0A7X0KNJ5|A0A7X	1
tr|A0A833HC96|A0A83	8
tr|A0A8J7PFU6|A0A8J	1
tr|A0A927JN26|A0A92	1
tr|A0A927PUI0|A0A92	1
tr|A0A931Q6M2|A0A93	1
tr|A0A941I505|A0A94	1
tr|A0A950MPE7|A0A95	1
tr|A0A953WRT3|A0A95	1
tr|A0A954BHD3|A0A95	1
tr|A0A956PDG9|A0A95	1
tr|A0A963SVR6|A0A96	1
tr|A0A975ENX5|A0A97	1
tr|A0A975ZMK4|A0A97	1
tr|A3VE32|A3VE32_9R	1
tr|A4U0F1|A4U0F1_9P	1
tr|C7D5F8|C7D5F8_9R	1
tr|I0IPT9|I0IPT9_LE	1
tr|K0VIS8|K0VIS8_9H	20
tr|B5EV73|B5EV73_AL	18
tr|A0A061SMP1|A0A06	2
tr|A0A085K0L9|A0A08	7
tr|A0A0B8ZQ43|A0A0B	3
tr|A0A0F7PJ75|A0A0F	1
tr|A0A0M6Y451|A0A0M	1
tr|A0A0P0CY60|A0A0P	2
tr|A0A0Q7SZA0|A0A0Q	2
tr|A0A196MJN3|A0A19	3
tr|A0A196MKX5|A0A19	3
tr|A0A1B3CQU6|A0A1B	12
tr|A0A1C3WIK6|A0A1C	1
tr|A0A1C7NVV4|A0A1C	5
tr|A0A1D9LDW3|A0A1D	3
tr|A0A1E4YGN5|A0A1E	4
tr|A0A1F8X0Q0|A0A1F	2
tr|A0A1G2VYX3|A0A1G	3
tr|A0A1H6RUQ5|A0A1H	1
tr|A0A1H9X5C0|A0A1H	1
tr|A0A1I5KQV7|A0A1I	1
tr|A0A1I6GX84|A0A1I	3
tr|A0A1I9KF49|A0A1I	1
tr|A0A1L5P9Z8|A0A1L	11
tr|A0A1M7GX10|A0A1M	8
tr|A0A1S6FN80|A0A1S	3
tr|A0A1W9JEP2|A0A1W	2
tr|A0A1X6ZHV6|A0A1X	1
tr|A0A1X7PXR6|A0A1X	1
tr|A0A238LDD6|A0A23	1
tr|A0A254RFD1|A0A25	1
tr|A0A258G5I5|A0A25	2
tr|A0A258IY41|A0A25	1
tr|A0A286I0H4|A0A28	1
tr|A0A2A2GP43|A0A2A	2
tr|A0A2A5EMR4|A0A2A	1
tr|A0A2C9ETM1|A0A2C	7
tr|A0A2D6TQK9|A0A2D	1
tr|A0A2D6URS2|A0A2D	11
tr|A0A2D9CTI7|A0A2D	3
tr|A0A2E6EBW3|A0A2E	1
tr|A0A2G2CGL9|A0A2G	3
tr|A0A2G8E937|A0A2G	4
tr|A0A2N3D9U9|A0A2N	3
tr|A0A2P1PS55|A0A2P	1
tr|A0A2U2DFJ2|A0A2U	1
tr|A0A2V1P1Y3|A0A2V	3
tr|A0A317E2C9|A0A31	1
tr|A0A345YBL8|A0A34	1
tr|A0A346A1G9|A0A34	1
tr|A0A350LUK7|A0A35	8
tr|A0A355C6L4|A0A35	1
tr|A0A358MIZ6|A0A35	1
tr|A0A395JKK0|A0A39	1
tr|A0A3G3L9W6|A0A3G	7
tr|A0A3S0TSN6|A0A3S	1
tr|A0A4Q2A940|A0A4Q	1
tr|A0A4R1NM84|A0A4R	14
tr|A0A4R2NTE7|A0A4R	1
tr|A0A501WV32|A0A50	3
tr|A0A521LF27|A0A52	2
tr|A0A521SI29|A0A52	2
tr|A0A5D0V8K9|A0A5D	1
tr|A0A5R9NZ36|A0A5R	1
tr|A0A5S9HL17|A0A5S	2
tr|A0A6B9VUU7|A0A6B	3
tr|A0A6I1E8J1|A0A6I	1
tr|A0A7T0RH99|A0A7T	1
tr|A0A842I6S5|A0A84	1
tr|A0A848XDE6|A0A84	1
tr|A0A850PEB3|A0A85	1
tr|A0A8B3MV30|A0A8B	2
tr|A0A8J3DM72|A0A8J	1
tr|A0A918TDP3|A0A91	1
tr|A0A931VL43|A0A93	1
tr|A0A940JTS8|A0A94	1
tr|A0A944C5I2|A0A94	1
tr|A0A949MEX0|A0A94	1
tr|A0A952D7G6|A0A95	1
tr|A0A961SDN8|A0A96	1
tr|A0A963XVU2|A0A96	1
tr|A0A968WNR5|A0A96	1
tr|E2G6R3|E2G6R3_9G	2
tr|I2QNF7|I2QNF7_9B	5
tr|A0A014N4K9|A0A01	4
tr|A0A058ZQ61|A0A05	1
tr|A0A061SPF5|A0A06	3
tr|A0A074MAQ6|A0A07	1
tr|A0A0C2LED3|A0A0C	14
tr|A0A0D1EH26|A0A0D	1
tr|A0A0D6B2L0|A0A0D	8
tr|A0A0D6PLC8|A0A0D	1
tr|A0A0F2RTW6|A0A0F	16
tr|A0A0J7XZG3|A0A0J	5
tr|A0A0L7SZC2|A0A0L	1
tr|A0A0M6ZL72|A0A0M	1
tr|A0A0N0LAW3|A0A0N	1
tr|A0A0N1MFS1|A0A0N	8
tr|A0A0P6RNP1|A0A0P	6
tr|A0A0P8A0Z5|A0A0P	4
tr|A0A101KXD9|A0A10	1
tr|A0A117S6R8|A0A11	1
tr|A0A132BW85|A0A13	10
tr|A0A1B6YFC6|A0A1B	2
tr|A0A1B6YMX8|A0A1B	1
tr|A0A1C1YWT9|A0A1C	3
tr|A0A1G1HYX3|A0A1G	1
tr|A0A1G3JD71|A0A1G	2
tr|A0A1G5DEG8|A0A1G	1
tr|A0A1G5Q7Q6|A0A1G	1
tr|A0A1H3A7F4|A0A1H	1
tr|A0A1H3Z8T7|A0A1H	4
tr|A0A1I0P6V3|A0A1I	2
tr|A0A1I0PS17|A0A1I	1
tr|A0A1I0VMF4|A0A1I	2
tr|A0A1I2WSC1|A0A1I	1
tr|A0A1M4TX82|A0A1M	1
tr|A0A1M6A4P8|A0A1M	1
tr|A0A1R3WAQ7|A0A1R	1
tr|A0A1X7FXX4|A0A1X	1
tr|A0A239JU45|A0A23	3
tr|A0A250AYY2|A0A25	2
tr|A0A251X383|A0A25	1
tr|A0A2A4S5A1|A0A2A	1
tr|A0A2C9CNE2|A0A2C	1
tr|A0A2D9CM56|A0A2D	3
tr|A0A2E3PKM8|A0A2E	8
tr|A0A2E3PV24|A0A2E	2
tr|A0A2G1LL63|A0A2G	2
tr|A0A2H6IC00|A0A2H	3
tr|A0A2I2MH21|A0A2I	1
tr|A0A2N6AWV7|A0A2N	1
tr|A0A2S0MUS8|A0A2S	1
tr|A0A2S0XI93|A0A2S	1
tr|A0A2S9IT91|A0A2S	1
tr|A0A2S9JAU5|A0A2S	1
tr|A0A2U2CN02|A0A2U	1
tr|A0A2U8X987|A0A2U	3
tr|A0A2W5MR13|A0A2W	1
tr|A0A2W5Q008|A0A2W	2
tr|A0A2W7P8A1|A0A2W	10
tr|A0A341EJM8|A0A34	3
tr|A0A354IWY7|A0A35	1
tr|A0A357MI67|A0A35	1
tr|A0A366FMR5|A0A36	1
tr|A0A372EW76|A0A37	1
tr|A0A379T9G3|A0A37	157
tr|A0A387G815|A0A38	3
tr|A0A399IX77|A0A39	1
tr|A0A3B0SHH8|A0A3B	1
tr|A0A3B0Z4V6|A0A3B	1
tr|A0A3B9YUG3|A0A3B	1
tr|A0A3L7JFP4|A0A3L	1
tr|A0A3M2B401|A0A3M	1
tr|A0A3M5P780|A0A3M	10
tr|A0A418SIN7|A0A41	1
tr|A0A420WFI9|A0A42	1
tr|A0A441XYS1|A0A44	119
tr|A0A4P7F9F6|A0A4P	1
tr|A0A4R1UBF9|A0A4R	2
tr|A0A4R2PWQ5|A0A4R	1
tr|A0A4S5CGK9|A0A4S	2
tr|A0A502G417|A0A50	4
tr|A0A527U241|A0A52	1
tr|A0A5A9ENH9|A0A5A	1
tr|A0A6G6FE17|A0A6G	3
tr|A0A6I4DVZ9|A0A6I	10
tr|A0A6L3AS58|A0A6L	1
tr|A0A6L7GA67|A0A6L	1
tr|A0A6N8DLX0|A0A6N	1
tr|A0A6N9TQS6|A0A6N	1
tr|A0A7C3GIB5|A0A7C	1
tr|A0A7L9WN61|A0A7L	1
tr|A0A7W6EW49|A0A7W	1
tr|A0A7W6H174|A0A7W	2
tr|A0A7W6S233|A0A7W	1
tr|A0A7Y7ITZ7|A0A7Y	1
tr|A0A844ASR5|A0A84	2
tr|A0A846L7B9|A0A84	1
tr|A0A918UQ77|A0A91	1
tr|A0A926S7D4|A0A92	1
tr|A0A931LXF9|A0A93	1
tr|A0A939EQW3|A0A93	1
tr|A0A945KMP6|A0A94	1
tr|A0A945QJ53|A0A94	1
tr|A0A947QBJ4|A0A94	1
tr|A0A951HQ03|A0A95	1
tr|A0A953VWR4|A0A95	5
tr|A0A961J8A1|A0A96	1
tr|A0A962ETV1|A0A96	1
tr|A0A963TXA1|A0A96	1
tr|A0A964HE38|A0A96	1
tr|B7LP49|B7LP49_ES	19
tr|E3I7H6|E3I7H6_RH	1
tr|K2DKZ6|K2DKZ6_9B	1
tr|N9W5K5|N9W5K5_9S	1
tr|X6BK13|X6BK13_9H	2
sp|Q46967|ECHR_DICC	48
tr|A0A031K4P8|A0A03	7
tr|A0A084ZKT2|A0A08	26
tr|A0A085K4D4|A0A08	8
tr|A0A094YPJ3|A0A09	6
tr|A0A0A8TPS1|A0A0A	6
tr|A0A0F0DGU4|A0A0F	12
tr|A0A0G3BHH9|A0A0G	1
tr|A0A0K6I9H2|A0A0K	5
tr|A0A0M4UV68|A0A0M	1
tr|A0A0N7KWX1|A0A0N	1
tr|A0A0P0Z112|A0A0P	1
tr|A0A0P1FE03|A0A0P	1
tr|A0A0P1GJS5|A0A0P	1
tr|A0A0P8YA53|A0A0P	1
tr|A0A0Q4Y6V4|A0A0Q	1
tr|A0A101KLQ8|A0A10	16
tr|A0A124JXW3|A0A12	2
tr|A0A181C9P7|A0A18	5
tr|A0A196MPX5|A0A19	3
tr|A0A1B3MYG8|A0A1B	3
tr|A0A1B3N102|A0A1B	7
tr|A0A1E3LYF2|A0A1E	1
tr|A0A1E4FM51|A0A1E	1
tr|A0A1G7H6L3|A0A1G	8
tr|A0A1G7S5V7|A0A1G	1
tr|A0A1H0K549|A0A1H	1
tr|A0A1H8VA69|A0A1H	1
tr|A0A1I0V4W5|A0A1I	10
tr|A0A1I3ITD8|A0A1I	1
tr|A0A1L3ZSN5|A0A1L	2
tr|A0A1L6JB46|A0A1L	5
tr|A0A1M3PF82|A0A1M	4
tr|A0A1M6EJ69|A0A1M	1
tr|A0A1S6HVM7|A0A1S	4
tr|A0A1X1PK01|A0A1X	30
tr|A0A212A6M0|A0A21	3
tr|A0A222WX28|A0A22	1
tr|A0A223VI58|A0A22	47
tr|A0A231V238|A0A23	1
tr|A0A238JWL4|A0A23	3
tr|A0A285U450|A0A28	2
tr|A0A2D6GZH4|A0A2D	1
tr|A0A2E1XRQ6|A0A2E	2
tr|A0A2E4GER2|A0A2E	1
tr|A0A2G1QKK9|A0A2G	1
tr|A0A2G2B127|A0A2G	1
tr|A0A2G2GLF9|A0A2G	1
tr|A0A2G4YTX8|A0A2G	1
tr|A0A2G6IH91|A0A2G	1
tr|A0A2I5TA80|A0A2I	1
tr|A0A2J0YY36|A0A2J	6
tr|A0A2K4FPH2|A0A2K	13
tr|A0A2L2BE49|A0A2L	1
tr|A0A2M8QNE3|A0A2M	1
tr|A0A2N3B7F6|A0A2N	2
tr|A0A2T6BKP3|A0A2T	1
tr|A0A2W6S757|A0A2W	1
tr|A0A2Z5EAI5|A0A2Z	1
tr|A0A316KIG8|A0A31	1
tr|A0A365U9V9|A0A36	1
tr|A0A397PCL5|A0A39	2
tr|A0A3B1BJF3|A0A3B	3
tr|A0A3D1IUZ4|A0A3D	1
tr|A0A3D3B8P0|A0A3D	3
tr|A0A4P7UNH0|A0A4P	1
tr|A0A4Q3I6S6|A0A4Q	17
tr|A0A4Q3ZG66|A0A4Q	1
tr|A0A4Q5XY94|A0A4Q	1
tr|A0A4R1YRJ9|A0A4R	4
tr|A0A4R2BNF6|A0A4R	48
tr|A0A4U7MWH4|A0A4U	3
tr|A0A501XR62|A0A50	1
tr|A0A506UFF7|A0A50	1
tr|A0A519ED91|A0A51	1
tr|A0A522VPG7|A0A52	1
tr|A0A522VPI8|A0A52	1
tr|A0A536Y2L3|A0A53	6
tr|A0A560PKQ9|A0A56	1
tr|A0A5B6TRU2|A0A5B	1
tr|A0A5C7G0H6|A0A5C	1
tr|A0A5P6P706|A0A5P	1
tr|A0A6I4T3H4|A0A6I	1
tr|A0A6I6EKG6|A0A6I	2
tr|A0A6M5JF50|A0A6M	1
tr|A0A6N8TFN7|A0A6N	10
tr|A0A7C5GKG1|A0A7C	1
tr|A0A7C6B3Z8|A0A7C	1
tr|A0A7C9HBG8|A0A7C	1
tr|A0A7I0JEH2|A0A7I	1
tr|A0A7R7BA39|A0A7R	62
tr|A0A7R7CBA1|A0A7R	1
tr|A0A7T5UGU2|A0A7T	1
tr|A0A7V5NXL8|A0A7V	1
tr|A0A7W6K0Y5|A0A7W	1
tr|A0A7W9WZB3|A0A7W	11
tr|A0A7W9ZEY5|A0A7W	1
tr|A0A7X0BU38|A0A7X	1
tr|A0A7X6FMZ9|A0A7X	35
tr|A0A7Y6Y2X4|A0A7Y	1
tr|A0A7Z7LL03|A0A7Z	1
tr|A0A840ZD83|A0A84	1
tr|A0A8J7LKA8|A0A8J	1
tr|A0A8K0V6C7|A0A8K	2
tr|A0A916IB10|A0A91	1
tr|A0A932P7V9|A0A93	1
tr|A0A940M073|A0A94	1
tr|A0A946I570|A0A94	1
tr|A0A950JQY5|A0A95	1
tr|A0A951HMY4|A0A95	1
tr|A0A961RFP4|A0A96	1
tr|A0A963JIF6|A0A96	1
tr|A0A963TPS2|A0A96	1
tr|A0A969LKS7|A0A96	1
tr|A5G659|A5G659_GE	1
tr|I9C3T0|I9C3T0_9S	1
tr|K9HN46|K9HN46_9P	1
tr|U2Z5R9|U2Z5R9_9R	1
tr|V4N7Q8|V4N7Q8_9C	1
tr|A0A017HPV7|A0A01	1
tr|A0A0F9WBP8|A0A0F	7
tr|A0A0M4CZV2|A0A0M	1
tr|A0A0N0VMG4|A0A0N	1
tr|A0A0P1GYW4|A0A0P	1
tr|A0A0X7A795|A0A0X	14
tr|A0A105T6T0|A0A10	6
tr|A0A126V2Y7|A0A12	1
tr|A0A1E4FSA8|A0A1E	1
tr|A0A1F2Z9D2|A0A1F	1
tr|A0A1F3B3X1|A0A1F	1
tr|A0A1I2ASC1|A0A1I	1
tr|A0A1I3TCC8|A0A1I	5
tr|A0A1I4HV20|A0A1I	1
tr|A0A1I5WMA2|A0A1I	1
tr|A0A1Q4E7A2|A0A1Q	8
tr|A0A1R3TJS1|A0A1R	7
tr|A0A1S7S8F8|A0A1S	4
tr|A0A1Y5RI36|A0A1Y	1
tr|A0A228IXQ1|A0A22	1
tr|A0A252AUV7|A0A25	1
tr|A0A257YE94|A0A25	8
tr|A0A286G5D1|A0A28	1
tr|A0A2C9CTY8|A0A2C	1
tr|A0A2D9RGV9|A0A2D	1
tr|A0A2D9YKF3|A0A2D	1
tr|A0A2E2JPK5|A0A2E	1
tr|A0A2E2WPI4|A0A2E	1
tr|A0A2E2X987|A0A2E	2
tr|A0A2G2HTP3|A0A2G	1
tr|A0A2H4ZC43|A0A2H	1
tr|A0A2M7EII4|A0A2M	2
tr|A0A2M8GZ33|A0A2M	1
tr|A0A2M8GZ47|A0A2M	1
tr|A0A2M9FWM5|A0A2M	1
tr|A0A2R8AG22|A0A2R	1
tr|A0A2T5B673|A0A2T	1
tr|A0A2T5BTQ3|A0A2T	1
tr|A0A2T5GU62|A0A2T	1
tr|A0A2U1SW94|A0A2U	2
tr|A0A347UGA0|A0A34	2
tr|A0A368NQW8|A0A36	1
tr|A0A395CVE7|A0A39	1
tr|A0A3A1PGR8|A0A3A	1
tr|A0A3B0YHU3|A0A3B	1
tr|A0A3B1B843|A0A3B	1
tr|A0A3B1C6J2|A0A3B	1
tr|A0A3D2VWH3|A0A3D	1
tr|A0A3G9G9P8|A0A3G	1
tr|A0A3M2DI39|A0A3M	1
tr|A0A3M3K237|A0A3M	32
tr|A0A438ALI0|A0A43	1
tr|A0A484GEK4|A0A48	1
tr|A0A4R2RQE4|A0A4R	1
tr|A0A502FRM6|A0A50	1
tr|A0A503XUL4|A0A50	1
tr|A0A504BL86|A0A50	4
tr|A0A523FP53|A0A52	1
tr|A0A562N874|A0A56	2
tr|A0A5B8CCH5|A0A5B	1
tr|A0A6A8QAK6|A0A6A	1
tr|A0A6I6ESA7|A0A6I	3
tr|A0A6L5YYR5|A0A6L	1
tr|A0A6M1SVM9|A0A6M	1
tr|A0A7C3VXT4|A0A7C	1
tr|A0A7C8LKV2|A0A7C	2
tr|A0A7K3VQ19|A0A7K	1
tr|A0A7S9WG76|A0A7S	1
tr|A0A7V5QBR0|A0A7V	1
tr|A0A7W6M5X2|A0A7W	1
tr|A0A7W9Z186|A0A7W	1
tr|A0A840BU44|A0A84	5
tr|A0A841IVX8|A0A84	1
tr|A0A845SS61|A0A84	2
tr|A0A847S291|A0A84	1
tr|A0A8J3DLG2|A0A8J	1
tr|A0A8J6YUB5|A0A8J	1
tr|A0A8T7JEA8|A0A8T	1
tr|A0A931M7Z2|A0A93	1
tr|A0A947M5Z7|A0A94	1
tr|A0A949NKB4|A0A94	1
tr|A0A961V0Z3|A0A96	1
tr|A0A962BEV3|A0A96	1
tr|A0A962DG43|A0A96	2
tr|A0A965CQ13|A0A96	2
tr|A0A974U0K2|A0A97	1
tr|A4BSD3|A4BSD3_9G	1
tr|B0T7Q6|B0T7Q6_CA	1
tr|C6XN41|C6XN41_HI	1
tr|G2KQ93|G2KQ93_MI	1
tr|K2ITD1|K2ITD1_9R	4
tr|M4VF49|M4VF49_9P	1
tr|V4QX86|V4QX86_9C	1
tr|A0A060DZQ2|A0A06	5
tr|A0A0B1ZIJ2|A0A0B	1
tr|A0A0B8ZRX6|A0A0B	19
tr|A0A0C5XP94|A0A0C	29
tr|A0A0F9T5J9|A0A0F	3
tr|A0A0F9WGF0|A0A0F	8
tr|A0A0K6HED5|A0A0K	1
tr|A0A0N7LYV5|A0A0N	1
tr|A0A0P1GMR6|A0A0P	1
tr|A0A0Q6GWQ3|A0A0Q	8
tr|A0A0Q6M5L3|A0A0Q	5
tr|A0A0Q7AF95|A0A0Q	1
tr|A0A0T9PMW0|A0A0T	17
tr|A0A125RZ65|A0A12	6
tr|A0A127FD70|A0A12	1
tr|A0A1B4FIC3|A0A1B	5
tr|A0A1F9PM89|A0A1F	3
tr|A0A1G0FBV3|A0A1G	1
tr|A0A1G4SF88|A0A1G	6
tr|A0A1G7MJP5|A0A1G	1
tr|A0A1G7R1E8|A0A1G	1
tr|A0A1H5SJJ4|A0A1H	1
tr|A0A1H6HJL8|A0A1H	1
tr|A0A1I2DHW8|A0A1I	1
tr|A0A1S1WS65|A0A1S	1
tr|A0A1S7UC60|A0A1S	91
tr|A0A1W1YVB2|A0A1W	1
tr|A0A1X7FYG7|A0A1X	1
tr|A0A209AGC4|A0A20	12
tr|A0A239I347|A0A23	1
tr|A0A239PXN9|A0A23	1
tr|A0A255Z436|A0A25	1
tr|A0A256GLG0|A0A25	1
tr|A0A257FV03|A0A25	5
tr|A0A257QXB1|A0A25	1
tr|A0A257Y6X6|A0A25	2
tr|A0A258BHY6|A0A25	2
tr|A0A258BUV1|A0A25	2
tr|A0A2A4UAI0|A0A2A	2
tr|A0A2D2B1J6|A0A2D	1
tr|A0A2E0IQQ4|A0A2E	2
tr|A0A2G2BDM2|A0A2G	1
tr|A0A2G2LI19|A0A2G	1
tr|A0A2G2LZU8|A0A2G	1
tr|A0A2H5FGE7|A0A2H	8
tr|A0A2N3BBB6|A0A2N	1
tr|A0A2R8AK35|A0A2R	2
tr|A0A2R8BB19|A0A2R	2
tr|A0A2S8B609|A0A2S	1
tr|A0A2S8RLY6|A0A2S	3
tr|A0A2V2LEE2|A0A2V	1
tr|A0A2W6W6S4|A0A2W	1
tr|A0A2W6ZRX8|A0A2W	1
tr|A0A2Z5EL73|A0A2Z	1
tr|A0A345QJD2|A0A34	1
tr|A0A346R4J8|A0A34	1
tr|A0A357BRY2|A0A35	1
tr|A0A3A3D5A5|A0A3A	4
tr|A0A3D8JW96|A0A3D	1
tr|A0A3M0A883|A0A3M	1
tr|A0A3N9RAG7|A0A3N	1
tr|A0A3S0HM52|A0A3S	16
tr|A0A3S0RQN1|A0A3S	2
tr|A0A442S8X9|A0A44	14
tr|A0A494TCN4|A0A49	1
tr|A0A494VZS6|A0A49	4
tr|A0A4Q2RE67|A0A4Q	1
tr|A0A4Q3A4I4|A0A4Q	1
tr|A0A4Q8LBC0|A0A4Q	4
tr|A0A4R3J9D9|A0A4R	1
tr|A0A4Y9SX17|A0A4Y	1
tr|A0A512HCG6|A0A51	6
tr|A0A522WG55|A0A52	1
tr|A0A553JS01|A0A55	2
tr|A0A5B8RG96|A0A5B	2
tr|A0A5P8YX59|A0A5P	9
tr|A0A653B1A5|A0A65	1
tr|A0A654BU40|A0A65	1
tr|A0A6B2FLI6|A0A6B	1
tr|A0A6G4WMH3|A0A6G	3
tr|A0A6I1HRZ9|A0A6I	2
tr|A0A6I6MNL6|A0A6I	1
tr|A0A6N6JN05|A0A6N	1
tr|A0A6N6SZS6|A0A6N	1
tr|A0A7C1YGP7|A0A7C	1
tr|A0A7C8GJW3|A0A7C	1
tr|A0A7G5YZ80|A0A7G	1
tr|A0A7R6QVA3|A0A7R	1
tr|A0A7V8TT53|A0A7V	1
tr|A0A7V9MZJ6|A0A7V	1
tr|A0A7W6D703|A0A7W	1
tr|A0A7W6DLE7|A0A7W	1
tr|A0A7W6Q9H4|A0A7W	160
tr|A0A7Y0ASN1|A0A7Y	6
tr|A0A7Y9NA59|A0A7Y	16
tr|A0A833K1D0|A0A83	1
tr|A0A844AXB1|A0A84	1
tr|A0A8B6M3V6|A0A8B	1
tr|A0A8J2ZF94|A0A8J	1
tr|A0A917EHH8|A0A91	1
tr|A0A931KYI4|A0A93	1
tr|A0A934SAU1|A0A93	1
tr|A0A961LT17|A0A96	1
tr|A0A961RA61|A0A96	1
tr|A0A965L9T8|A0A96	2
tr|A0A976DUY7|A0A97	1
tr|B1M9X4|B1M9X4_ME	1
tr|B7RN40|B7RN40_RO	1
tr|B9LZZ1|B9LZZ1_GE	1
tr|C6XPJ3|C6XPJ3_HI	1
tr|F7ZII0|F7ZII0_RO	2
tr|G2IJU1|G2IJU1_SP	1
tr|Q71ED0|Q71ED0_AG	13
tr|V4NZV4|V4NZV4_9C	1
tr|V4PKZ4|V4PKZ4_9C	1
tr|A0A031K4Q2|A0A03	1
tr|A0A087L2M3|A0A08	6
tr|A0A098TC86|A0A09	9
tr|A0A0A8JZR7|A0A0A	3
tr|A0A0C5VR22|A0A0C	1
tr|A0A0D6B2H5|A0A0D	6
tr|A0A0F7HAJ1|A0A0F	14
tr|A0A0M3B855|A0A0M	3
tr|A0A0N1AA14|A0A0N	1
tr|A0A0N9UX78|A0A0N	2
tr|A0A0Q4NM30|A0A0Q	1
tr|A0A0Q6GT25|A0A0Q	2
tr|A0A0Q8NSK3|A0A0Q	11
tr|A0A0T2QHB6|A0A0T	2
tr|A0A109KR21|A0A10	17
tr|A0A150TVT0|A0A15	2
tr|A0A157KT43|A0A15	1
tr|A0A1B9P3W9|A0A1B	4
tr|A0A1C1YUW0|A0A1C	1
tr|A0A1E3Y502|A0A1E	2
tr|A0A1G7E2L7|A0A1G	1
tr|A0A1G7HUE9|A0A1G	6
tr|A0A1G8FA48|A0A1G	1
tr|A0A1H0PY98|A0A1H	2
tr|A0A1H1ZH14|A0A1H	3
tr|A0A1H8Z682|A0A1H	1
tr|A0A1H9GXE8|A0A1H	1
tr|A0A1H9P9X2|A0A1H	1
tr|A0A1I1G3Y9|A0A1I	1
tr|A0A1I5E8X6|A0A1I	45
tr|A0A1M3PZW1|A0A1M	1
tr|A0A1N6FS29|A0A1N	1
tr|A0A1W5DEH6|A0A1W	5
tr|A0A1W9H1I2|A0A1W	1
tr|A0A1X7Q929|A0A1X	1
tr|A0A1Z8KUW7|A0A1Z	4
tr|A0A211ZNT6|A0A21	2
tr|A0A238IWH2|A0A23	3
tr|A0A246K186|A0A24	4
tr|A0A2A4LW55|A0A2A	1
tr|A0A2A4T5T1|A0A2A	1
tr|A0A2A5GSG8|A0A2A	1
tr|A0A2A7S9T3|A0A2A	1
tr|A0A2D0AME0|A0A2D	2
tr|A0A2D8Q6B2|A0A2D	2
tr|A0A2D9RGP4|A0A2D	1
tr|A0A2E0A6B4|A0A2E	1
tr|A0A2E1XJV0|A0A2E	1
tr|A0A2G6IVM3|A0A2G	1
tr|A0A2H6IYF2|A0A2H	1
tr|A0A2J7W901|A0A2J	2
tr|A0A2L0WJ37|A0A2L	9
tr|A0A2S7X782|A0A2S	1
tr|A0A2S9IHN3|A0A2S	2
tr|A0A2S9IPG2|A0A2S	1
tr|A0A317PRC9|A0A31	1
tr|A0A397PFI9|A0A39	2
tr|A0A3A0EUZ1|A0A3A	2
tr|A0A3A8AIA2|A0A3A	3
tr|A0A3A8EPB5|A0A3A	1
tr|A0A3B0YP50|A0A3B	2
tr|A0A3G4XFQ7|A0A3G	1
tr|A0A411YYP1|A0A41	6
tr|A0A427K9K8|A0A42	2
tr|A0A434NXF1|A0A43	6
tr|A0A494TIH7|A0A49	1
tr|A0A495RL94|A0A49	2
tr|A0A4Q4IWM7|A0A4Q	1
tr|A0A4R1S177|A0A4R	5
tr|A0A4R1S5Z0|A0A4R	1
tr|A0A4R3Z1E5|A0A4R	1
tr|A0A4S8NUY4|A0A4S	1
tr|A0A506U1Q5|A0A50	1
tr|A0A516SCC9|A0A51	1
tr|A0A521ZAR4|A0A52	1
tr|A0A537LV54|A0A53	1
tr|A0A545SQA6|A0A54	1
tr|A0A545TZE5|A0A54	1
tr|A0A5B8IWU0|A0A5B	1
tr|A0A5D0S7R5|A0A5D	1
tr|A0A5E4Z462|A0A5E	1
tr|A0A5E7Z6U9|A0A5E	1
tr|A0A6B0U0V2|A0A6B	1
tr|A0A6M8U8N9|A0A6M	11
tr|A0A6M8W3L7|A0A6M	1
tr|A0A6P0CBA6|A0A6P	1
tr|A0A7C9MUU4|A0A7C	1
tr|A0A7K1RFR5|A0A7K	1
tr|A0A7S9LVY6|A0A7S	1
tr|A0A7W3WC95|A0A7W	2
tr|A0A7W5LEQ4|A0A7W	6
tr|A0A7W6C377|A0A7W	9
tr|A0A7W6HPA3|A0A7W	1
tr|A0A7W6K474|A0A7W	2
tr|A0A7W7K645|A0A7W	1
tr|A0A7W9B0C0|A0A7W	1
tr|A0A7W9B705|A0A7W	4
tr|A0A7Y0AU19|A0A7Y	1
tr|A0A7Y2NG67|A0A7Y	1
tr|A0A7Y3NN24|A0A7Y	1
tr|A0A831YRC3|A0A83	1
tr|A0A833G932|A0A83	1
tr|A0A838BUJ6|A0A83	8
tr|A0A839PK77|A0A83	1
tr|A0A844CT45|A0A84	2
tr|A0A8E3AR25|A0A8E	1
tr|A0A918NEK1|A0A91	1
tr|A0A927JPB7|A0A92	1
tr|A0A939QVM9|A0A93	6
tr|A0A940EBI1|A0A94	1
tr|A0A940GHK2|A0A94	1
tr|A0A944GUN9|A0A94	1
tr|A0A955TQF1|A0A95	1
tr|A0A960JCL6|A0A96	1
tr|A0A961LNH3|A0A96	1
tr|A0A961RAK8|A0A96	1
tr|A0A961SG99|A0A96	1
tr|A0A961XE91|A0A96	2
tr|A0A961YVW5|A0A96	1
tr|A0A965EXP2|A0A96	1
tr|A0A969VXW5|A0A96	1
tr|A0A973RJF5|A0A97	1
tr|A0A976W8J3|A0A97	6
tr|F2LSI4|F2LSI4_BU	1
tr|F4QSE4|F4QSE4_9C	2
tr|J0TZK0|J0TZK0_9B	4
tr|K6Z828|K6Z828_9A	1
tr|Q21EX4|Q21EX4_SA	1
tr|R0EH38|R0EH38_CA	21
tr|W3RT95|W3RT95_9B	1
tr|W4HJ06|W4HJ06_9R	1
tr|A0A021WZH6|A0A02	11
tr|A0A058ZMJ2|A0A05	1
tr|A0A075K364|A0A07	1
tr|A0A078KU33|A0A07	21
tr|A0A083ZPY2|A0A08	54
tr|A0A087PTV7|A0A08	8
tr|A0A0B4X9P6|A0A0B	18
tr|A0A0E0UA55|A0A0E	44
tr|A0A0N0JK55|A0A0N	15
tr|A0A0N1BX23|A0A0N	2
tr|A0A0N1L6N2|A0A0N	18
tr|A0A0P0DZF4|A0A0P	1
tr|A0A0Q6CX45|A0A0Q	2
tr|A0A0Q6Q4G5|A0A0Q	2
tr|A0A0Q6T4T5|A0A0Q	1
tr|A0A0Q6W4J2|A0A0Q	6
tr|A0A0Q7XK13|A0A0Q	2
tr|A0A0Q8NLE6|A0A0Q	2
tr|A0A0W0TRH9|A0A0W	4
tr|A0A0W0Z506|A0A0W	1
tr|A0A108E555|A0A10	2
tr|A0A196PMB4|A0A19	3
tr|A0A1B1AH73|A0A1B	2
tr|A0A1B3P3Z8|A0A1B	8
tr|A0A1E4LSV6|A0A1E	2
tr|A0A1E4NRE2|A0A1E	1
tr|A0A1F3A6A4|A0A1F	1
tr|A0A1G6ABD2|A0A1G	2
tr|A0A1G8EE84|A0A1G	4
tr|A0A1H8JBF9|A0A1H	6
tr|A0A1I0RXW4|A0A1I	1
tr|A0A1I0ZN07|A0A1I	5
tr|A0A1M2YJZ1|A0A1M	2
tr|A0A1M2YKD2|A0A1M	2
tr|A0A1M3CB97|A0A1M	12
tr|A0A1M5RCD9|A0A1M	1
tr|A0A1N6S6A9|A0A1N	2
tr|A0A1N6UW89|A0A1N	2
tr|A0A1N7ANT8|A0A1N	1
tr|A0A1Q9ATQ3|A0A1Q	2
tr|A0A1Q9B228|A0A1Q	1
tr|A0A1U7NBB7|A0A1U	1
tr|A0A1W2FA36|A0A1W	13
tr|A0A1W6ZLN1|A0A1W	1
tr|A0A1X4J0M6|A0A1X	1
tr|A0A1Z9YC34|A0A1Z	4
tr|A0A225NHV6|A0A22	8
tr|A0A256GD23|A0A25	2
tr|A0A258KYX3|A0A25	2
tr|A0A258TKW1|A0A25	1
tr|A0A286HYI0|A0A28	2
tr|A0A2A4VCA8|A0A2A	2
tr|A0A2D3RGR9|A0A2D	1
tr|A0A2D8JZ22|A0A2D	3
tr|A0A2E0IEX1|A0A2E	2
tr|A0A2E0IQ78|A0A2E	2
tr|A0A2E2MA03|A0A2E	4
tr|A0A2E4QTD1|A0A2E	1
tr|A0A2G2DL95|A0A2G	2
tr|A0A2J7VQX3|A0A2J	3
tr|A0A2N5C8I1|A0A2N	3
tr|A0A2P8NFT0|A0A2P	2
tr|A0A2S5PDM9|A0A2S	1
tr|A0A2S8B326|A0A2S	2
tr|A0A2T7W768|A0A2T	3
tr|A0A2U3B9K9|A0A2U	1
tr|A0A2W4CQP3|A0A2W	1
tr|A0A2W4ZRB5|A0A2W	1
tr|A0A2Z5ZF41|A0A2Z	1
tr|A0A317PGN9|A0A31	1
tr|A0A346YQJ7|A0A34	1
tr|A0A348HBJ4|A0A34	1
tr|A0A3D3B8B6|A0A3D	1
tr|A0A3D3BBM5|A0A3D	1
tr|A0A3D9MLP6|A0A3D	7
tr|A0A3L7JF27|A0A3L	1
tr|A0A3M1C1B9|A0A3M	1
tr|A0A3P0PLN8|A0A3P	1
tr|A0A3S3T6R6|A0A3S	1
tr|A0A3S4BAM6|A0A3S	3
tr|A0A411Z058|A0A41	1
tr|A0A429K4H4|A0A42	2
tr|A0A437LYZ2|A0A43	1
tr|A0A444LC59|A0A44	2
tr|A0A4P6FT46|A0A4P	1
tr|A0A4Q2S9A1|A0A4Q	9
tr|A0A4Q3YCF9|A0A4Q	1
tr|A0A4R0PCN0|A0A4R	1
tr|A0A4R1WRJ6|A0A4R	1
tr|A0A4R2ZWH9|A0A4R	2
tr|A0A4U7MT31|A0A4U	1
tr|A0A4U7N164|A0A4U	1
tr|A0A4Y6RVV4|A0A4Y	1
tr|A0A4Y9KXU9|A0A4Y	4
tr|A0A4Z0NR18|A0A4Z	11
tr|A0A506U1Z5|A0A50	1
tr|A0A521GUG7|A0A52	1
tr|A0A537M0K0|A0A53	1
tr|A0A539D4A0|A0A53	3
tr|A0A5Q4DM89|A0A5Q	1
tr|A0A6A4UTG7|A0A6A	2
tr|A0A6B3URZ9|A0A6B	1
tr|A0A6F9WWB2|A0A6F	1
tr|A0A6N1V9M1|A0A6N	1
tr|A0A6N6RWF6|A0A6N	1
tr|A0A6S6RPD6|A0A6S	3
tr|A0A7K1PWA6|A0A7K	2
tr|A0A7W2BQ71|A0A7W	3
tr|A0A7W5XHZ1|A0A7W	4
tr|A0A7W6J5M2|A0A7W	1
tr|A0A7W6VT08|A0A7W	54
tr|A0A7W9YYC5|A0A7W	2
tr|A0A7X6FGI2|A0A7X	5
tr|A0A838VHE6|A0A83	1
tr|A0A845SI93|A0A84	1
tr|A0A918UPL8|A0A91	2
tr|A0A923H0Q9|A0A92	4
tr|A0A927EBG7|A0A92	1
tr|A0A927JVD1|A0A92	1
tr|A0A939QVC8|A0A93	1
tr|A0A947TF73|A0A94	1
tr|A0A949D9Y6|A0A94	1
tr|A0A952CP64|A0A95	1
tr|A0A961LFL8|A0A96	1
tr|A0A961LPE4|A0A96	1
tr|A0A961VYI8|A0A96	1
tr|A0A963L0Q0|A0A96	1
tr|A0A963R215|A0A96	1
tr|A0A969MKR8|A0A96	1
tr|A0A972FW25|A0A97	1
tr|A0A975K8Y7|A0A97	1
tr|A9DE85|A9DE85_HO	1
tr|B3VN68|B3VN68_9G	1
tr|B7T9X0|B7T9X0_9P	1
tr|B8I9S3|B8I9S3_ME	1
tr|E8RU94|E8RU94_AS	1
tr|F4QK87|F4QK87_9C	1
tr|G2I1E5|G2I1E5_KO	11
tr|Q07P69|Q07P69_RH	2
tr|Q39VH7|Q39VH7_GE	1
tr|V4PVB0|V4PVB0_9C	1
tr|V7GRW7|V7GRW7_9H	22
sp|Q47189|EXPR_PECP	13
tr|A0A023XSD4|A0A02	91
tr|A0A072CW25|A0A07	6
tr|A0A081BDN2|A0A08	1
tr|A0A081CXI2|A0A08	9
tr|A0A084A2R2|A0A08	2
tr|A0A090EA51|A0A09	1
tr|A0A0A1F6K4|A0A0A	9
tr|A0A0D6PHD6|A0A0D	2
tr|A0A0E1NR16|A0A0E	41
tr|A0A0F6ACT3|A0A0F	4
tr|A0A0G3BG13|A0A0G	1
tr|A0A0H5BIC0|A0A0H	4
tr|A0A0M3BTA2|A0A0M	3
tr|A0A0N1ANN3|A0A0N	19
tr|A0A0N1KY66|A0A0N	19
tr|A0A0P1GT62|A0A0P	1
tr|A0A0Q5X3Y5|A0A0Q	11
tr|A0A0Q6MCK0|A0A0Q	12
tr|A0A0Q6S8M1|A0A0Q	2
tr|A0A0Q6SES7|A0A0Q	1
tr|A0A0Q7AAT3|A0A0Q	5
tr|A0A0Q7TPU9|A0A0Q	1
tr|A0A0U1I6I2|A0A0U	3
tr|A0A120FRU1|A0A12	2
tr|A0A193QFI3|A0A19	5
tr|A0A1C7WF09|A0A1C	5
tr|A0A1E3V570|A0A1E	1
tr|A0A1E4KMH7|A0A1E	2
tr|A0A1E5Q7X5|A0A1E	1
tr|A0A1H8DSL0|A0A1H	2
tr|A0A1I0Z0E6|A0A1I	2
tr|A0A1I3G9A7|A0A1I	1
tr|A0A1I3I2I9|A0A1I	1
tr|A0A1I4ZH69|A0A1I	1
tr|A0A1M5LSR1|A0A1M	6
tr|A0A1P8MX07|A0A1P	1
tr|A0A1Q9AF87|A0A1Q	1
tr|A0A1Q9AKH0|A0A1Q	2
tr|A0A1Q9AND5|A0A1Q	10
tr|A0A1Q9AW13|A0A1Q	1
tr|A0A1S8YSH1|A0A1S	1
tr|A0A1S9AM89|A0A1S	1
tr|A0A1V5C8I0|A0A1V	2
tr|A0A1W6B607|A0A1W	6
tr|A0A1W9I7P1|A0A1W	1
tr|A0A257XY71|A0A25	2
tr|A0A285PMG1|A0A28	2
tr|A0A285TZN5|A0A28	2
tr|A0A285U924|A0A28	1
tr|A0A292EAR1|A0A29	2
tr|A0A2A4R2X5|A0A2A	1
tr|A0A2E1XRU5|A0A2E	1
tr|A0A2E1XUQ7|A0A2E	3
tr|A0A2E2RLI9|A0A2E	4
tr|A0A2G8T2R7|A0A2G	1
tr|A0A2I0FQS1|A0A2I	1
tr|A0A2R4MJM8|A0A2R	1
tr|A0A2R8A6G0|A0A2R	1
tr|A0A2S3W0F3|A0A2S	3
tr|A0A328AMB9|A0A32	1
tr|A0A330GRC8|A0A33	1
tr|A0A345ZRX2|A0A34	1
tr|A0A379Y5B3|A0A37	7
tr|A0A3D2W2J5|A0A3D	1
tr|A0A3D5ZWI3|A0A3D	1
tr|A0A3G2V208|A0A3G	1
tr|A0A3M8SUB0|A0A3M	1
tr|A0A3M9X0J9|A0A3M	11
tr|A0A430HT26|A0A43	2
tr|A0A4D7DL00|A0A4D	1
tr|A0A4D7QD80|A0A4D	1
tr|A0A4P6FP59|A0A4P	1
tr|A0A4Q3N6X7|A0A4Q	2
tr|A0A4Q3PNY1|A0A4Q	1
tr|A0A4R1ND25|A0A4R	1
tr|A0A4R2C627|A0A4R	3
tr|A0A4U0YZ31|A0A4U	3
tr|A0A4U8YW97|A0A4U	4
tr|A0A504BVG7|A0A50	5
tr|A0A512HCJ3|A0A51	1
tr|A0A521VXS8|A0A52	1
tr|A0A539DG64|A0A53	2
tr|A0A5D9CJS2|A0A5D	1
tr|A0A5E6S981|A0A5E	6
tr|A0A5J6NZW0|A0A5J	2
tr|A0A5N3PD28|A0A5N	1
tr|A0A657LNN9|A0A65	1
tr|A0A6I0DJL8|A0A6I	3
tr|A0A6I5X2E5|A0A6I	1
tr|A0A6L2ZS20|A0A6L	1
tr|A0A6L6WDC4|A0A6L	1
tr|A0A6M3ZWJ4|A0A6M	1
tr|A0A6N9TDF3|A0A6N	1
tr|A0A7C6BBW7|A0A7C	1
tr|A0A7T5QNM1|A0A7T	11
tr|A0A7W3WAB3|A0A7W	1
tr|A0A7W3X3R8|A0A7W	2
tr|A0A7W3YDM9|A0A7W	1
tr|A0A7W6D7R5|A0A7W	1
tr|A0A7W6GBN4|A0A7W	1
tr|A0A7W8E0W3|A0A7W	2
tr|A0A7Y0ATQ9|A0A7Y	1
tr|A0A7Z7LQ49|A0A7Z	5
tr|A0A839AJQ3|A0A83	1
tr|A0A850KSK6|A0A85	2
tr|A0A8E2KU45|A0A8E	1
tr|A0A916MPD7|A0A91	1
tr|A0A922NX23|A0A92	1
tr|A0A923WQZ9|A0A92	1
tr|A0A927KVR5|A0A92	1
tr|A0A932S758|A0A93	1
tr|A0A936YL52|A0A93	1
tr|A0A942FSJ9|A0A94	1
tr|A0A942K184|A0A94	2
tr|A0A942PZY5|A0A94	1
tr|A0A946HA93|A0A94	1
tr|A0A948IKZ0|A0A94	1
tr|A0A949NG04|A0A94	1
tr|A0A950J893|A0A95	2
tr|A0A954BGS5|A0A95	1
tr|A0A961SVF4|A0A96	1
tr|A0A961XXM9|A0A96	1
tr|A0A972W9C9|A0A97	1
tr|A0A973RJF7|A0A97	1
tr|A0A974TW20|A0A97	1
tr|A0A976EIG4|A0A97	2
tr|A4EXB6|A4EXB6_9R	1
tr|B0U8W7|B0U8W7_ME	2
tr|B8IHX3|B8IHX3_ME	1
tr|C8S075|C8S075_9R	1
tr|E0WH58|E0WH58_9G	1
tr|G0ZGI9|G0ZGI9_SE	30
tr|H1KGU3|H1KGU3_ME	2
tr|I0QYP0|I0QYP0_9G	1
tr|K2NWX0|K2NWX0_9H	1
tr|V4QSL5|V4QSL5_9C	1
tr|V7FEI2|V7FEI2_9H	4
sp|Q51786|PHZR_PSEF	47
tr|A0A062TUG5|A0A06	1
tr|A0A063B904|A0A06	200
tr|A0A090F7P6|A0A09	33
tr|A0A090IB87|A0A09	4
tr|A0A0C1IW02|A0A0C	2
tr|A0A0D7EWJ7|A0A0D	2
tr|A0A0F7PJE0|A0A0F	1
tr|A0A0M4M6F2|A0A0M	1
tr|A0A0Q4YUW6|A0A0Q	15
tr|A0A0Q5CX31|A0A0Q	21
tr|A0A0Q5D896|A0A0Q	4
tr|A0A0Q5EQT2|A0A0Q	4
tr|A0A0Q6Z2N8|A0A0Q	5
tr|A0A0Q7YWA1|A0A0Q	2
tr|A0A0S9Q1Z6|A0A0S	3
tr|A0A120GBB5|A0A12	1
tr|A0A135P6Q5|A0A13	1
tr|A0A1A7QNT5|A0A1A	2
tr|A0A1A9FWU8|A0A1A	4
tr|A0A1D2TSR9|A0A1D	1
tr|A0A1E4YHB6|A0A1E	2
tr|A0A1F8XW32|A0A1F	1
tr|A0A1G6U2Y8|A0A1G	2
tr|A0A1G7STS9|A0A1G	1
tr|A0A1G8FB49|A0A1G	1
tr|A0A1I4EC85|A0A1I	1
tr|A0A1I6TPE5|A0A1I	1
tr|A0A1M2Z749|A0A1M	2
tr|A0A1N7IMX3|A0A1N	1
tr|A0A1S6HIU4|A0A1S	1
tr|A0A1T5DUW2|A0A1T	2
tr|A0A1V1PTL8|A0A1V	1
tr|A0A1V5CIW1|A0A1V	1
tr|A0A1W1YVI6|A0A1W	1
tr|A0A1W9KJC2|A0A1W	1
tr|A0A1Y5RUU6|A0A1Y	1
tr|A0A1Y5T4G1|A0A1Y	1
tr|A0A1Y6KCG9|A0A1Y	8
tr|A0A270PK41|A0A27	7
tr|A0A292E7I3|A0A29	1
tr|A0A2A4TGF7|A0A2A	1
tr|A0A2A4V0U7|A0A2A	1
tr|A0A2C9CTP0|A0A2C	1
tr|A0A2D6EKU7|A0A2D	1
tr|A0A2D7Y0N0|A0A2D	1
tr|A0A2D9RHA1|A0A2D	1
tr|A0A2E0U8Z7|A0A2E	1
tr|A0A2E4Z8B6|A0A2E	3
tr|A0A2E7K2Q3|A0A2E	1
tr|A0A2G1QJ57|A0A2G	1
tr|A0A2G1YBI5|A0A2G	1
tr|A0A2I5TIM7|A0A2I	2
tr|A0A2N3DM07|A0A2N	1
tr|A0A2S0VPF0|A0A2S	1
tr|A0A2S9Q4Z8|A0A2S	2
tr|A0A2T7FW31|A0A2T	1
tr|A0A2W4BBK1|A0A2W	1
tr|A0A2W4EJC5|A0A2W	1
tr|A0A327JRC5|A0A32	1
tr|A0A352R222|A0A35	1
tr|A0A363TGU7|A0A36	1
tr|A0A366I8L1|A0A36	13
tr|A0A370HYZ4|A0A37	2
tr|A0A375CY20|A0A37	1
tr|A0A380T906|A0A38	3
tr|A0A3D3B8L9|A0A3D	1
tr|A0A3D5PIL2|A0A3D	2
tr|A0A3E0WZK9|A0A3E	1
tr|A0A3P3DEZ0|A0A3P	1
tr|A0A3S5I669|A0A3S	3
tr|A0A418WTT3|A0A41	1
tr|A0A430EJC6|A0A43	2
tr|A0A431PQQ8|A0A43	1
tr|A0A437NXV9|A0A43	1
tr|A0A4P6FQ17|A0A4P	1
tr|A0A4Q3ZEH2|A0A4Q	1
tr|A0A4S3FH02|A0A4S	4
tr|A0A4U8YVT2|A0A4U	2
tr|A0A4U8Z7R6|A0A4U	1
tr|A0A4V1BQV6|A0A4V	1
tr|A0A502MLB5|A0A50	3
tr|A0A522CGF3|A0A52	1
tr|A0A539DIB3|A0A53	1
tr|A0A562C4Q5|A0A56	1
tr|A0A562CF66|A0A56	1
tr|A0A5B2V2T8|A0A5B	1
tr|A0A5C7KKK5|A0A5C	1
tr|A0A5C8VFT2|A0A5C	10
tr|A0A5E7ZW72|A0A5E	1
tr|A0A5P9D4I6|A0A5P	1
tr|A0A650FH61|A0A65	1
tr|A0A6G7VN53|A0A6G	1
tr|A0A6H0ZG79|A0A6H	1
tr|A0A6I4EA99|A0A6I	1
tr|A0A6V8I6F6|A0A6V	1
tr|A0A7C3CWD9|A0A7C	1
tr|A0A7C9QTE1|A0A7C	2
tr|A0A7G5IKZ0|A0A7G	1
tr|A0A7G9L3Z3|A0A7G	1
tr|A0A7S9LRE5|A0A7S	1
tr|A0A7W3W955|A0A7W	3
tr|A0A7W9ZCT1|A0A7W	1
tr|A0A7X2RNK0|A0A7X	1
tr|A0A7X8SDU2|A0A7X	1
tr|A0A7Y6YPG5|A0A7Y	2
tr|A0A7Y8SUC2|A0A7Y	1
tr|A0A7Z0P7N5|A0A7Z	31
tr|A0A822VDH7|A0A82	1
tr|A0A829YHY3|A0A82	1
tr|A0A846MWH5|A0A84	1
tr|A0A8H8X0P8|A0A8H	1
tr|A0A916RP18|A0A91	1
tr|A0A927QDH0|A0A92	1
tr|A0A936HW43|A0A93	1
tr|A0A936LCB6|A0A93	1
tr|A0A936PEK1|A0A93	1
tr|A0A938DEE2|A0A93	2
tr|A0A939QXV5|A0A93	1
tr|A0A941Z6G2|A0A94	1
tr|A0A949KD47|A0A94	1
tr|A0A951VRB9|A0A95	1
tr|A0A961RKY8|A0A96	1
tr|A0A961SZM1|A0A96	3
tr|A0A961TGV0|A0A96	1
tr|A0A973HIG2|A0A97	1
tr|A0A973IAV4|A0A97	2
tr|A0A973NM48|A0A97	1
tr|A0A975NE42|A0A97	3
tr|A0A977BFT7|A0A97	18
tr|A0A977M6A6|A0A97	1
tr|A9D0L4|A9D0L4_HO	1
tr|H4FBB5|H4FBB5_9H	1
tr|J2L3K7|J2L3K7_9H	1
tr|M4ZDV7|M4ZDV7_9B	1
tr|N6U1P2|N6U1P2_9H	1
tr|V4P9K5|V4P9K5_9C	2
sp|Q6NCZ5|RPAR_RHOP	10
tr|A0A059DLS5|A0A05	5
tr|A0A061M4I0|A0A06	17
tr|A0A086MF01|A0A08	6
tr|A0A090P3T8|A0A09	1
tr|A0A0H1RFB2|A0A0H	1
tr|A0A0H4VCW8|A0A0H	1
tr|A0A0J1CJH9|A0A0J	1
tr|A0A0M3BA66|A0A0M	3
tr|A0A0N0E1E4|A0A0N	5
tr|A0A0N0J4N3|A0A0N	1
tr|A0A0Q4RI52|A0A0Q	3
tr|A0A0Q5W349|A0A0Q	3
tr|A0A0Q5WR25|A0A0Q	2
tr|A0A0Q6QVA8|A0A0Q	2
tr|A0A0Q6S667|A0A0Q	1
tr|A0A0Q6SRT2|A0A0Q	1
tr|A0A0Q6Z312|A0A0Q	1
tr|A0A0Q7EFF7|A0A0Q	1
tr|A0A0Q7X1B3|A0A0Q	2
tr|A0A0Q7XHK8|A0A0Q	4
tr|A0A0Q8AGS8|A0A0Q	2
tr|A0A0Q8MVY1|A0A0Q	1
tr|A0A0Q9J0M2|A0A0Q	9
tr|A0A0S4WKY6|A0A0S	2
tr|A0A102M123|A0A10	3
tr|A0A127MG24|A0A12	4
tr|A0A160PND6|A0A16	15
tr|A0A176F633|A0A17	2
tr|A0A1A9NP02|A0A1A	1
tr|A0A1B9SCA4|A0A1B	33
tr|A0A1C3UDE3|A0A1C	7
tr|A0A1E4FSV2|A0A1E	1
tr|A0A1F3BLL1|A0A1F	1
tr|A0A1F8X488|A0A1F	2
tr|A0A1G0DKV8|A0A1G	2
tr|A0A1G4QCF1|A0A1G	1
tr|A0A1G7GN99|A0A1G	5
tr|A0A1H0R756|A0A1H	1
tr|A0A1H1HZG4|A0A1H	4
tr|A0A1H2EJF9|A0A1H	1
tr|A0A1H2YWC3|A0A1H	4
tr|A0A1H7LQC4|A0A1H	2
tr|A0A1H8LNS6|A0A1H	1
tr|A0A1I0Y5R2|A0A1I	1
tr|A0A1I2T6Z9|A0A1I	5
tr|A0A1I3HNW2|A0A1I	1
tr|A0A1I5NMX9|A0A1I	2
tr|A0A1L3SVK7|A0A1L	4
tr|A0A1M7MVC5|A0A1M	1
tr|A0A1N6P4E3|A0A1N	2
tr|A0A1N6VCM7|A0A1N	1
tr|A0A1Q9A6B3|A0A1Q	1
tr|A0A1Q9AL88|A0A1Q	1
tr|A0A1Q9AYH0|A0A1Q	1
tr|A0A1U9YYJ3|A0A1U	2
tr|A0A1W2EHX0|A0A1W	2
tr|A0A1W6ZYV4|A0A1W	1
tr|A0A1X0T6X8|A0A1X	4
tr|A0A1Y5S9W2|A0A1Y	1
tr|A0A249DWM8|A0A24	6
tr|A0A2D6G349|A0A2D	1
tr|A0A2D7C5S4|A0A2D	2
tr|A0A2E2E2M4|A0A2E	1
tr|A0A2G2M0C4|A0A2G	1
tr|A0A2N7U4D0|A0A2N	1
tr|A0A2S0NFD5|A0A2S	1
tr|A0A2U2HML8|A0A2U	1
tr|A0A2U8W7N7|A0A2U	4
tr|A0A2W4AYG6|A0A2W	1
tr|A0A2W4EID7|A0A2W	1
tr|A0A2W5NBS7|A0A2W	2
tr|A0A2W6U8K2|A0A2W	2
tr|A0A2Y9CKI0|A0A2Y	1
tr|A0A317PFV0|A0A31	1
tr|A0A318TAM4|A0A31	1
tr|A0A346R4J6|A0A34	1
tr|A0A370QTX6|A0A37	1
tr|A0A386DT69|A0A38	4
tr|A0A386EB27|A0A38	3
tr|A0A3D3BHA8|A0A3D	3
tr|A0A3D8PDH1|A0A3D	1
tr|A0A3N6MPL8|A0A3N	1
tr|A0A3Q8XS09|A0A3Q	1
tr|A0A410VJJ8|A0A41	5
tr|A0A420CZ83|A0A42	1
tr|A0A423KFT3|A0A42	3
tr|A0A431KNL3|A0A43	1
tr|A0A443IFZ5|A0A44	2
tr|A0A448S608|A0A44	1
tr|A0A495RXU0|A0A49	1
tr|A0A4Q0YKH7|A0A4Q	1
tr|A0A4Q9GP22|A0A4Q	1
tr|A0A4R1S5V0|A0A4R	1
tr|A0A4R3FYQ9|A0A4R	2
tr|A0A4R3YM65|A0A4R	1
tr|A0A4Y8P6I6|A0A4Y	1
tr|A0A4Y9T504|A0A4Y	1
tr|A0A506TWH0|A0A50	1
tr|A0A506TZ50|A0A50	1
tr|A0A512HJJ2|A0A51	1
tr|A0A521Q367|A0A52	1
tr|A0A562SML2|A0A56	1
tr|A0A5B8L1X9|A0A5B	1
tr|A0A5C5TDU8|A0A5C	1
tr|A0A5Y2S876|A0A5Y	1
tr|A0A6A8A865|A0A6A	1
tr|A0A6M1RUG1|A0A6M	3
tr|A0A6N7ZVM7|A0A6N	1
tr|A0A6P1T6I2|A0A6P	1
tr|A0A7C4ZET6|A0A7C	3
tr|A0A7R7C634|A0A7R	2
tr|A0A7V5QBB7|A0A7V	1
tr|A0A7W3WEF9|A0A7W	1
tr|A0A7W9YZ74|A0A7W	2
tr|A0A7X3I411|A0A7X	1
tr|A0A7X5QNF9|A0A7X	32
tr|A0A7Y7SBT1|A0A7Y	1
tr|A0A7Y8SQP4|A0A7Y	1
tr|A0A7Z2VYL8|A0A7Z	1
tr|A0A833H9B1|A0A83	1
tr|A0A839A920|A0A83	1
tr|A0A840SCE1|A0A84	1
tr|A0A844XRV3|A0A84	1
tr|A0A8I0C8N8|A0A8I	1
tr|A0A8I1TGL1|A0A8I	1
tr|A0A8I1THC2|A0A8I	1
tr|A0A8T7JBW3|A0A8T	2
tr|A0A916WWB9|A0A91	1
tr|A0A917Q9T2|A0A91	1
tr|A0A926NZ52|A0A92	1
tr|A0A931N187|A0A93	2
tr|A0A934ANV0|A0A93	1
tr|A0A934IGZ0|A0A93	1
tr|A0A936B848|A0A93	1
tr|A0A939MTZ2|A0A93	1
tr|A0A940LWZ0|A0A94	1
tr|A0A942LFP5|A0A94	1
tr|A0A951RR09|A0A95	1
tr|A0A961SRE0|A0A96	1
tr|A0A961TUS0|A0A96	2
tr|A0A961ZH93|A0A96	1
tr|A0A962AR23|A0A96	1
tr|A0A968NFN0|A0A96	1
tr|A8LML6|A8LML6_DI	1
tr|B9Z4Y3|B9Z4Y3_9N	1
tr|D2U3V9|D2U3V9_9G	2
tr|D9SG21|D9SG21_GA	1
tr|E6W1G5|E6W1G5_DE	1
tr|E6WJ55|E6WJ55_PA	2
tr|E6WJ98|E6WJ98_PA	1
tr|G9Z7P0|G9Z7P0_9E	2
tr|H8L4L0|H8L4L0_FR	1
tr|M1PD01|M1PD01_DE	1
tr|Q28MF2|Q28MF2_JA	1
tr|Q28T92|Q28T92_JA	1
tr|A0A031FPM4|A0A03	17
tr|A0A059Q9J6|A0A05	25
tr|A0A081BFF9|A0A08	1
tr|A0A086EBN3|A0A08	17
tr|A0A090DAS7|A0A09	17
tr|A0A090DGA7|A0A09	7
tr|A0A090N8U1|A0A09	3
tr|A0A0C5VQE8|A0A0C	1
tr|A0A0C6FW75|A0A0C	1
tr|A0A0D1D740|A0A0D	1
tr|A0A0D5M1P9|A0A0D	1
tr|A0A0D5XU77|A0A0D	13
tr|A0A0D7PKK2|A0A0D	4
tr|A0A0E4BNM8|A0A0E	15
tr|A0A0F9RRT3|A0A0F	1
tr|A0A0J6K3Q6|A0A0J	6
tr|A0A0J6SKA0|A0A0J	9
tr|A0A0J6SL48|A0A0J	1
tr|A0A0M6ZSP1|A0A0M	1
tr|A0A0N1B0H7|A0A0N	2
tr|A0A0N7GZS1|A0A0N	2
tr|A0A0Q5VUD3|A0A0Q	11
tr|A0A0Q6LR02|A0A0Q	9
tr|A0A0Q6T6T0|A0A0Q	11
tr|A0A0Q6UUY0|A0A0Q	1
tr|A0A0Q9I397|A0A0Q	9
tr|A0A0R3EAJ2|A0A0R	3
tr|A0A109J7W5|A0A10	3
tr|A0A142BPT6|A0A14	1
tr|A0A160UZS4|A0A16	6
tr|A0A177HAM7|A0A17	4
tr|A0A1A9FWW9|A0A1A	1
tr|A0A1C3XDS0|A0A1C	1
tr|A0A1E3EYJ5|A0A1E	2
tr|A0A1G4SC64|A0A1G	4
tr|A0A1G7YZG4|A0A1G	1
tr|A0A1G7ZZD2|A0A1G	1
tr|A0A1G9PC52|A0A1G	1
tr|A0A1H0AY40|A0A1H	2
tr|A0A1H0LEQ8|A0A1H	1
tr|A0A1H1Z0L2|A0A1H	8
tr|A0A1H4XD29|A0A1H	3
tr|A0A1H5U662|A0A1H	1
tr|A0A1I1IX53|A0A1I	4
tr|A0A1I1ZG63|A0A1I	3
tr|A0A1I4K8C6|A0A1I	1
tr|A0A1I4V8M8|A0A1I	1
tr|A0A1I5L635|A0A1I	2
tr|A0A1L9NW87|A0A1L	2
tr|A0A1M3M516|A0A1M	4
tr|A0A1M5L2A3|A0A1M	4
tr|A0A1M7APT7|A0A1M	1
tr|A0A1S1TQ77|A0A1S	1
tr|A0A1W0CCI5|A0A1W	1
tr|A0A1W0CCY3|A0A1W	1
tr|A0A1W2C832|A0A1W	1
tr|A0A1X0ZTL8|A0A1X	16
tr|A0A1X1EGM1|A0A1X	2
tr|A0A1X7CKX0|A0A1X	1
tr|A0A1X7CXS1|A0A1X	8
tr|A0A1Y0YAQ7|A0A1Y	4
tr|A0A221K9Y0|A0A22	2
tr|A0A246TVF5|A0A24	2
tr|A0A254QS77|A0A25	1
tr|A0A258BXN9|A0A25	2
tr|A0A2A4UGR8|A0A2A	1
tr|A0A2E0L3X5|A0A2E	1
tr|A0A2E1XSW3|A0A2E	1
tr|A0A2E2IGG0|A0A2E	2
tr|A0A2G8RIA8|A0A2G	3
tr|A0A2N7X9T3|A0A2N	2
tr|A0A2P7RMB7|A0A2P	3
tr|A0A2P7S1D8|A0A2P	1
tr|A0A2S4LUK2|A0A2S	1
tr|A0A2S7F1P6|A0A2S	1
tr|A0A2S7K7L7|A0A2S	1
tr|A0A2S9IJA2|A0A2S	1
tr|A0A2T1AAS8|A0A2T	1
tr|A0A2T6N5S4|A0A2T	3
tr|A0A2V4JT63|A0A2V	3
tr|A0A2W2ATM7|A0A2W	1
tr|A0A2W4DWC6|A0A2W	1
tr|A0A2W7BV76|A0A2W	9
tr|A0A2Z2P9Q8|A0A2Z	1
tr|A0A346YN72|A0A34	1
tr|A0A353X7J6|A0A35	1
tr|A0A366J6J3|A0A36	1
tr|A0A386DWR3|A0A38	1
tr|A0A3E0WVQ1|A0A3E	1
tr|A0A3E1DAX8|A0A3E	4
tr|A0A3G7A3B0|A0A3G	7
tr|A0A3N8E740|A0A3N	1
tr|A0A3S0DBA1|A0A3S	1
tr|A0A3S0G223|A0A3S	3
tr|A0A3S0WMX4|A0A3S	1
tr|A0A410V0Y2|A0A41	4
tr|A0A410VGA2|A0A41	5
tr|A0A418T1X4|A0A41	1
tr|A0A431QWT3|A0A43	2
tr|A0A482ZPL5|A0A48	2
tr|A0A498S016|A0A49	1
tr|A0A4Q7FU54|A0A4Q	2
tr|A0A4Q8LFJ9|A0A4Q	4
tr|A0A4Q8MG09|A0A4Q	1
tr|A0A4R1YMM6|A0A4R	1
tr|A0A4R2P9B1|A0A4R	1
tr|A0A4R5PIN6|A0A4R	1
tr|A0A4R7PAN5|A0A4R	1
tr|A0A4R8FHN8|A0A4R	13
tr|A0A520BZW6|A0A52	1
tr|A0A522SY19|A0A52	1
tr|A0A525IQK5|A0A52	1
tr|A0A525J2P0|A0A52	1
tr|A0A562NLT6|A0A56	1
tr|A0A5A9GPK3|A0A5A	1
tr|A0A643FIL8|A0A64	1
tr|A0A651FR51|A0A65	1
tr|A0A6A7MJ15|A0A6A	3
tr|A0A6B2FNP5|A0A6B	1
tr|A0A6B9GCB6|A0A6B	1
tr|A0A6L5Z0F2|A0A6L	1
tr|A0A7C1TDF3|A0A7C	1
tr|A0A7C6F0F1|A0A7C	1
tr|A0A7C9PIQ8|A0A7C	1
tr|A0A7C9R9U1|A0A7C	1
tr|A0A7G6U1N0|A0A7G	1
tr|A0A7S7TUQ0|A0A7S	1
tr|A0A7W5XIW1|A0A7W	2
tr|A0A7W6P120|A0A7W	1
tr|A0A7Y1SLS0|A0A7Y	1
tr|A0A7Y4T5M6|A0A7Y	1
tr|A0A7Y5UMA3|A0A7Y	1
tr|A0A7Y7Y294|A0A7Y	2
tr|A0A840ZGR8|A0A84	1
tr|A0A845IYP9|A0A84	1
tr|A0A849SVR8|A0A84	1
tr|A0A850JB90|A0A85	2
tr|A0A892ID15|A0A89	1
tr|A0A8I1NUI7|A0A8I	1
tr|A0A8I1RXI6|A0A8I	1
tr|A0A8J7J4W7|A0A8J	1
tr|A0A916A750|A0A91	1
tr|A0A917BMB3|A0A91	1
tr|A0A923FQN5|A0A92	3
tr|A0A926S719|A0A92	1
tr|A0A936BI68|A0A93	1
tr|A0A936LG62|A0A93	1
tr|A0A937DF08|A0A93	1
tr|A0A939NUI1|A0A93	1
tr|A0A945MWT9|A0A94	1
tr|A0A951IED6|A0A95	1
tr|A0A953C7P5|A0A95	1
tr|A0A961LMI4|A0A96	2
tr|A0A961Z441|A0A96	1
tr|A0A975JC00|A0A97	1
tr|A1TTR7|A1TTR7_AC	3
tr|B8EP77|B8EP77_ME	1
tr|B8IHS1|B8IHS1_ME	1
tr|D2TD82|D2TD82_ER	10
tr|H0I156|H0I156_9H	1
tr|K0Q6M1|K0Q6M1_9H	7
tr|Q216V3|Q216V3_RH	1
tr|S3ID07|S3ID07_9H	1
sp|P54292|RHLR_PSEA	15
tr|A0A068SR20|A0A06	9
tr|A0A090GKV6|A0A09	26
tr|A0A095XJB5|A0A09	1
tr|A0A0A1P3S3|A0A0A	1
tr|A0A0B4X6C3|A0A0B	9
tr|A0A0B6S063|A0A0B	4
tr|A0A0D6N189|A0A0D	1
tr|A0A0D6NGS4|A0A0D	5
tr|A0A0D7NTU3|A0A0D	1
tr|A0A0E1SJF0|A0A0E	33
tr|A0A0F5FLH7|A0A0F	1
tr|A0A0F5VII5|A0A0F	1
tr|A0A0K2VUE9|A0A0K	128
tr|A0A0N0MD88|A0A0N	8
tr|A0A0P8BRH8|A0A0P	1
tr|A0A0Q6UFI0|A0A0Q	2
tr|A0A0Q7YEA1|A0A0Q	2
tr|A0A0T5NUR2|A0A0T	10
tr|A0A0W0N479|A0A0W	13
tr|A0A104HGY8|A0A10	2
tr|A0A109JR53|A0A10	8
tr|A0A154W1B3|A0A15	5
tr|A0A178MJL8|A0A17	1
tr|A0A193LKH6|A0A19	1
tr|A0A1G4PXM0|A0A1G	1
tr|A0A1H1V8G4|A0A1H	1
tr|A0A1H2U362|A0A1H	1
tr|A0A1H2YXT9|A0A1H	3
tr|A0A1H4K5P5|A0A1H	3
tr|A0A1H5KIZ4|A0A1H	2
tr|A0A1I1B5V5|A0A1I	3
tr|A0A1I7EAT5|A0A1I	3
tr|A0A1J6HPL4|A0A1J	1
tr|A0A1M6NH09|A0A1M	1
tr|A0A1M7KZT9|A0A1M	1
tr|A0A1M7T328|A0A1M	1
tr|A0A1M7TM45|A0A1M	2
tr|A0A1N6GUY7|A0A1N	2
tr|A0A1N6QWP6|A0A1N	2
tr|A0A1Q3KSF0|A0A1Q	3
tr|A0A1Q5R9J3|A0A1Q	1
tr|A0A1Q8ZQI4|A0A1Q	3
tr|A0A1S2DS05|A0A1S	11
tr|A0A1S7NF01|A0A1S	3
tr|A0A1S7S9R1|A0A1S	3
tr|A0A1S8Y7A6|A0A1S	1
tr|A0A1V4I2P1|A0A1V	4
tr|A0A1X3FWE5|A0A1X	3
tr|A0A1X6Y931|A0A1X	1
tr|A0A1Y1SFQ6|A0A1Y	1
tr|A0A1Y5SQS9|A0A1Y	1
tr|A0A239DF39|A0A23	1
tr|A0A257FI97|A0A25	1
tr|A0A261UZ32|A0A26	2
tr|A0A2E5A9K1|A0A2E	2
tr|A0A2G8T8E6|A0A2G	1
tr|A0A2I0FXQ4|A0A2I	1
tr|A0A2L0WIM4|A0A2L	8
tr|A0A2M6U6Y0|A0A2M	1
tr|A0A2M7F202|A0A2M	1
tr|A0A2M7HJS7|A0A2M	1
tr|A0A2P8VLT7|A0A2P	1
tr|A0A2R7T022|A0A2R	2
tr|A0A2S5N392|A0A2S	5
tr|A0A2W5FZL9|A0A2W	1
tr|A0A2W5PPC3|A0A2W	2
tr|A0A2X5EQT1|A0A2X	4
tr|A0A329J775|A0A32	15
tr|A0A358MH23|A0A35	1
tr|A0A365PZX6|A0A36	2
tr|A0A3A8AXR7|A0A3A	1
tr|A0A3B0TXE8|A0A3B	1
tr|A0A3M6EM12|A0A3M	1
tr|A0A4D7DTR1|A0A4D	1
tr|A0A4Q0S633|A0A4Q	4
tr|A0A4Q1URJ7|A0A4Q	1
tr|A0A4Q2RK57|A0A4Q	1
tr|A0A4Q3G421|A0A4Q	1
tr|A0A4Q3H2A2|A0A4Q	1
tr|A0A4Q3WE48|A0A4Q	1
tr|A0A4Q5V9T3|A0A4Q	1
tr|A0A4R3FYG4|A0A4R	2
tr|A0A4R3NIT5|A0A4R	1
tr|A0A4R7WHP3|A0A4R	1
tr|A0A4V3US21|A0A4V	1
tr|A0A561QW81|A0A56	2
tr|A0A5B8L393|A0A5B	1
tr|A0A5C7KEI1|A0A5C	1
tr|A0A5E7ZVT1|A0A5E	1
tr|A0A5N8AGY3|A0A5N	1
tr|A0A5P2QNY8|A0A5P	1
tr|A0A5P9CY78|A0A5P	1
tr|A0A6H0KAG1|A0A6H	7
tr|A0A6M1S423|A0A6M	1
tr|A0A6N8SA64|A0A6N	10
tr|A0A6P1CEC7|A0A6P	1
tr|A0A7C8GFR0|A0A7C	1
tr|A0A7C8XCX8|A0A7C	1
tr|A0A7C9QSP9|A0A7C	1
tr|A0A7K1RN80|A0A7K	1
tr|A0A7R7E3X3|A0A7R	1
tr|A0A7S9QD98|A0A7S	1
tr|A0A7W2GSU3|A0A7W	3
tr|A0A7W6EII1|A0A7W	1
tr|A0A7Y4SI83|A0A7Y	1
tr|A0A7Y4WNX0|A0A7Y	1
tr|A0A7Y8MPW8|A0A7Y	1
tr|A0A7Z2PZJ5|A0A7Z	1
tr|A0A847J945|A0A84	2
tr|A0A847JF72|A0A84	1
tr|A0A849I503|A0A84	1
tr|A0A857C429|A0A85	1
tr|A0A8F9S4H5|A0A8F	13
tr|A0A8G2CA60|A0A8G	1
tr|A0A8I1NQU1|A0A8I	1
tr|A0A8I1RPF9|A0A8I	2
tr|A0A8J7LNC4|A0A8J	1
tr|A0A916A4B0|A0A91	1
tr|A0A916UYG6|A0A91	1
tr|A0A918NX61|A0A91	1
tr|A0A918S850|A0A91	1
tr|A0A925YCN5|A0A92	1
tr|A0A938DE74|A0A93	1
tr|A0A940Y8T5|A0A94	2
tr|A0A941DIZ2|A0A94	1
tr|A0A961KZ17|A0A96	1
tr|A0A961LVQ7|A0A96	1
tr|A0A972YAC2|A0A97	1
tr|E6WJ56|E6WJ56_PA	1
tr|G4ME28|G4ME28_9B	1
tr|I4N2Z8|I4N2Z8_9P	1
tr|K9H543|K9H543_9P	1
tr|M2V7N7|M2V7N7_ST	1
tr|N0BH31|N0BH31_9H	1
tr|Q11IH2|Q11IH2_CH	1
tr|V4NXH8|V4NXH8_9C	1
tr|V4QYE7|V4QYE7_9C	1
tr|V6F790|V6F790_MA	1
tr|W0HR21|W0HR21_9G	4
sp|P74946|VANR_VIBA	30
tr|A0A014PUL5|A0A01	2
tr|A0A023WYF7|A0A02	4
tr|A0A062TZ31|A0A06	2
tr|A0A071LSQ1|A0A07	3
tr|A0A074MZT8|A0A07	4
tr|A0A084UDE1|A0A08	1
tr|A0A085GD49|A0A08	14
tr|A0A085VCN9|A0A08	3
tr|A0A086WMS2|A0A08	10
tr|A0A089Q2Z6|A0A08	7
tr|A0A0B1RBU0|A0A0B	43
tr|A0A0C1ZI12|A0A0C	8
tr|A0A0E9BHV7|A0A0E	5
tr|A0A0F9XNM7|A0A0F	1
tr|A0A0H5BDV3|A0A0H	1
tr|A0A0J9B9Q5|A0A0J	3
tr|A0A0L0APN5|A0A0L	2
tr|A0A0L0GPB1|A0A0L	6
tr|A0A0L7T0R0|A0A0L	1
tr|A0A0N0KK97|A0A0N	3
tr|A0A0Q4MZ00|A0A0Q	1
tr|A0A0Q4PNB6|A0A0Q	1
tr|A0A0Q5ER09|A0A0Q	1
tr|A0A0Q5H0Y0|A0A0Q	1
tr|A0A0Q5HJI1|A0A0Q	4
tr|A0A0Q6CCK0|A0A0Q	4
tr|A0A0Q6GHF0|A0A0Q	1
tr|A0A0Q6M3S7|A0A0Q	1
tr|A0A0R3MYR3|A0A0R	1
tr|A0A0U3KZW5|A0A0U	10
tr|A0A127JUQ1|A0A12	1
tr|A0A160FRC9|A0A16	2
tr|A0A1B1NSF5|A0A1B	5
tr|A0A1B1PTQ2|A0A1B	1
tr|A0A1B3E458|A0A1B	1
tr|A0A1B6Z8W7|A0A1B	1
tr|A0A1C7D729|A0A1C	1
tr|A0A1D8AGE1|A0A1D	1
tr|A0A1G3IBH5|A0A1G	1
tr|A0A1H0HW76|A0A1H	1
tr|A0A1H3A0P3|A0A1H	1
tr|A0A1I3XNX6|A0A1I	3
tr|A0A1I4ZFV3|A0A1I	5
tr|A0A1I7MBE7|A0A1I	1
tr|A0A1M2YN81|A0A1M	2
tr|A0A1Q3LTJ4|A0A1Q	1
tr|A0A1Q9AH41|A0A1Q	2
tr|A0A1R3TM16|A0A1R	4
tr|A0A1S8YNR2|A0A1S	1
tr|A0A1T2XX01|A0A1T	9
tr|A0A1T4JVH7|A0A1T	2
tr|A0A1V2AKP5|A0A1V	1
tr|A0A1W2E1E7|A0A1W	1
tr|A0A1W6BAP0|A0A1W	5
tr|A0A1Y3P7Z4|A0A1Y	4
tr|A0A239HBN0|A0A23	1
tr|A0A254R4P5|A0A25	1
tr|A0A285NGK1|A0A28	1
tr|A0A285PKZ1|A0A28	2
tr|A0A285UUU0|A0A28	2
tr|A0A286GVM9|A0A28	1
tr|A0A2C9EP54|A0A2C	3
tr|A0A2E1XHD4|A0A2E	1
tr|A0A2G0WFC2|A0A2G	13
tr|A0A2N6B4V5|A0A2N	1
tr|A0A2N7WG75|A0A2N	9
tr|A0A2R5F730|A0A2R	1
tr|A0A2S0MGH9|A0A2S	2
tr|A0A2S3XSD8|A0A2S	13
tr|A0A2S8RNS3|A0A2S	4
tr|A0A2S9IA41|A0A2S	1
tr|A0A2S9IT03|A0A2S	2
tr|A0A2S9NIL6|A0A2S	17
tr|A0A2T0RUU9|A0A2T	1
tr|A0A2U2CI10|A0A2U	1
tr|A0A2W6XBI1|A0A2W	1
tr|A0A318TGW8|A0A31	1
tr|A0A350LVC2|A0A35	2
tr|A0A366FML1|A0A36	1
tr|A0A370R2G2|A0A37	1
tr|A0A3B0XSR3|A0A3B	1
tr|A0A3C2BJ57|A0A3C	5
tr|A0A3M3T5C7|A0A3M	3
tr|A0A3N7JTN0|A0A3N	1
tr|A0A3P5XAS1|A0A3P	1
tr|A0A3Q8XMY2|A0A3Q	1
tr|A0A3R1AUV4|A0A3R	11
tr|A0A427K8L4|A0A42	1
tr|A0A430EGF0|A0A43	3
tr|A0A443IDH3|A0A44	1
tr|A0A444LI75|A0A44	1
tr|A0A455XD21|A0A45	1
tr|A0A4Q3J258|A0A4Q	9
tr|A0A4R3AB05|A0A4R	2
tr|A0A4R3LND9|A0A4R	1
tr|A0A4R3XLN1|A0A4R	1
tr|A0A4R6ELM0|A0A4R	4
tr|A0A4S4AUJ5|A0A4S	1
tr|A0A4V2TRM3|A0A4V	2
tr|A0A4Y9RU06|A0A4Y	1
tr|A0A502IA68|A0A50	1
tr|A0A523Q3V6|A0A52	1
tr|A0A560GUG5|A0A56	1
tr|A0A5B0DRT0|A0A5B	1
tr|A0A5B8B136|A0A5B	1
tr|A0A5P9CWW3|A0A5P	1
tr|A0A640W7E0|A0A64	2
tr|A0A657LW91|A0A65	1
tr|A0A679JTK5|A0A67	1
tr|A0A6I4TZC5|A0A6I	1
tr|A0A6L9FMH1|A0A6L	2
tr|A0A6N0WW30|A0A6N	2
tr|A0A6N9HKK7|A0A6N	1
tr|A0A7D5DAL8|A0A7D	1
tr|A0A7L5XYW6|A0A7L	1
tr|A0A7S4ZTT8|A0A7S	2
tr|A0A7T8A3T1|A0A7T	1
tr|A0A7V8CSY4|A0A7V	1
tr|A0A7W5Y3E6|A0A7W	1
tr|A0A7W6SFQ6|A0A7W	1
tr|A0A7X0CEE7|A0A7X	2
tr|A0A7X0UBM0|A0A7X	1
tr|A0A7X6DCC6|A0A7X	1
tr|A0A7Y0D551|A0A7Y	1
tr|A0A7Y3RPD1|A0A7Y	1
tr|A0A7Y4TCA6|A0A7Y	1
tr|A0A7Y7J946|A0A7Y	4
tr|A0A807QAL1|A0A80	2
tr|A0A838M416|A0A83	3
tr|A0A840ZNU3|A0A84	1
tr|A0A845UYV8|A0A84	1
tr|A0A848MIG7|A0A84	1
tr|A0A848MLS5|A0A84	1
tr|A0A8B2NSC2|A0A8B	1
tr|A0A8H9XGW3|A0A8H	1
tr|A0A8I1YCU4|A0A8I	1
tr|A0A8J3DK05|A0A8J	1
tr|A0A8X8NUM2|A0A8X	1
tr|A0A922P1V6|A0A92	2
tr|A0A925QYC1|A0A92	1
tr|A0A925S2C9|A0A92	2
tr|A0A932BH46|A0A93	1
tr|A0A932F0I4|A0A93	1
tr|A0A932P730|A0A93	1
tr|A0A939QZC2|A0A93	1
tr|A0A950IIL9|A0A95	1
tr|A0A961JUR2|A0A96	1
tr|A0A961SU05|A0A96	1
tr|A0A961SZQ4|A0A96	2
tr|A0A961YPB7|A0A96	1
tr|A0A963I245|A0A96	1
tr|A0A963UFG8|A0A96	2
tr|A0A963X762|A0A96	1
tr|A0A968WTC3|A0A96	1
tr|A0A969I1J6|A0A96	1
tr|A0A976LL89|A0A97	1
tr|A4BB65|A4BB65_9G	1
tr|D8MQJ5|D8MQJ5_ER	1
tr|E0MS06|E0MS06_9H	1
tr|E2CKB3|E2CKB3_9H	1
tr|F0LFZ4|F0LFZ4_AG	1
tr|Q216C2|Q216C2_RH	3
tr|Q2IUU3|Q2IUU3_RH	1
tr|S9RF81|S9RF81_9R	1
tr|X6FQ26|X6FQ26_9H	1
sp|P25084|LASR_PSEA	21
tr|A0A031G907|A0A03	11
tr|A0A034TA92|A0A03	10
tr|A0A060I7K7|A0A06	8
tr|A0A061SS90|A0A06	2
tr|A0A061STR4|A0A06	2
tr|A0A078L4R8|A0A07	1
tr|A0A0C1G692|A0A0C	18
tr|A0A0C1WMX5|A0A0C	14
tr|A0A0C9MYV5|A0A0C	4
tr|A0A0D6QDM0|A0A0D	8
tr|A0A0F5L408|A0A0F	1
tr|A0A0J5Q3M8|A0A0J	2
tr|A0A0J6KHQ9|A0A0J	11
tr|A0A0J6RC76|A0A0J	1
tr|A0A0L7MK18|A0A0L	1
tr|A0A0M3BIP4|A0A0M	3
tr|A0A0N0E5S8|A0A0N	8
tr|A0A0Q4QLH0|A0A0Q	9
tr|A0A0Q6RRR7|A0A0Q	4
tr|A0A0X1T6N0|A0A0X	1
tr|A0A109KY10|A0A10	1
tr|A0A127CF40|A0A12	2
tr|A0A132C1A3|A0A13	2
tr|A0A132DS90|A0A13	7
tr|A0A158JWQ9|A0A15	8
tr|A0A165MYC4|A0A16	15
tr|A0A167HEX6|A0A16	5
tr|A0A167HWL1|A0A16	5
tr|A0A175R688|A0A17	1
tr|A0A1B8T1A7|A0A1B	1
tr|A0A1B9SLP8|A0A1B	1
tr|A0A1C3K8I8|A0A1C	5
tr|A0A1C3XKA8|A0A1C	5
tr|A0A1F3A3M8|A0A1F	1
tr|A0A1G6UUB5|A0A1G	1
tr|A0A1G7W4K1|A0A1G	7
tr|A0A1H1J5B9|A0A1H	1
tr|A0A1H3CJT8|A0A1H	8
tr|A0A1H4CN71|A0A1H	1
tr|A0A1H4QVG6|A0A1H	1
tr|A0A1H7CGU7|A0A1H	10
tr|A0A1H8WS75|A0A1H	10
tr|A0A1H9GEK4|A0A1H	1
tr|A0A1H9X6U7|A0A1H	6
tr|A0A1I1CB29|A0A1I	1
tr|A0A1J0WJ21|A0A1J	4
tr|A0A1J6HPC2|A0A1J	1
tr|A0A1M2YWE8|A0A1M	1
tr|A0A1M5C1P9|A0A1M	1
tr|A0A1M5W2R1|A0A1M	1
tr|A0A1N6J9I8|A0A1N	1
tr|A0A1Q3KDY3|A0A1Q	3
tr|A0A1Q3Z3Y9|A0A1Q	1
tr|A0A1S7RMA8|A0A1S	12
tr|A0A1S8Y793|A0A1S	1
tr|A0A1V2K5K8|A0A1V	2
tr|A0A1V3PNE7|A0A1V	4
tr|A0A1X0VKP3|A0A1X	2
tr|A0A1X7BQD3|A0A1X	1
tr|A0A231V3B5|A0A23	1
tr|A0A254QZU5|A0A25	6
tr|A0A291G632|A0A29	1
tr|A0A2A4YV31|A0A2A	1
tr|A0A2A4Z8I0|A0A2A	1
tr|A0A2A5BSH0|A0A2A	1
tr|A0A2D5H9W9|A0A2D	1
tr|A0A2E0ILY8|A0A2E	3
tr|A0A2E5FYM7|A0A2E	2
tr|A0A2G0YE24|A0A2G	5
tr|A0A2H5EVN7|A0A2H	1
tr|A0A2R5EAW7|A0A2R	1
tr|A0A2R7T7Z0|A0A2R	1
tr|A0A2T4IM40|A0A2T	2
tr|A0A2T7UTX5|A0A2T	1
tr|A0A2V4PNU5|A0A2V	6
tr|A0A2W5HAT9|A0A2W	52
tr|A0A2W6TN45|A0A2W	2
tr|A0A2Y9A372|A0A2Y	1
tr|A0A318PQW6|A0A31	1
tr|A0A370L2H7|A0A37	1
tr|A0A3A8EXZ8|A0A3A	1
tr|A0A3B0SCM8|A0A3B	1
tr|A0A3N7IAR3|A0A3N	21
tr|A0A3N8KL30|A0A3N	1
tr|A0A419R5J1|A0A41	1
tr|A0A441ZC02|A0A44	1
tr|A0A4D7DS72|A0A4D	4
tr|A0A4D7YKX5|A0A4D	1
tr|A0A4P7KY99|A0A4P	1
tr|A0A4P8J148|A0A4P	1
tr|A0A4S4ND82|A0A4S	3
tr|A0A4V3F785|A0A4V	1
tr|A0A501PEZ6|A0A50	1
tr|A0A506UGL1|A0A50	1
tr|A0A511T1N4|A0A51	1
tr|A0A562ZXV1|A0A56	1
tr|A0A5B9DJF7|A0A5B	1
tr|A0A5C5TCH5|A0A5C	1
tr|A0A6B3P0R3|A0A6B	1
tr|A0A6F8T991|A0A6F	1
tr|A0A6I4K0P1|A0A6I	1
tr|A0A6L6Q2K4|A0A6L	1
tr|A0A7C8CF61|A0A7C	1
tr|A0A7R7CHA9|A0A7R	2
tr|A0A7W5Z653|A0A7W	1
tr|A0A7W8XW12|A0A7W	1
tr|A0A7X8TQP0|A0A7X	1
tr|A0A839L984|A0A83	1
tr|A0A839LIB9|A0A83	1
tr|A0A843YJ56|A0A84	1
tr|A0A844AYS2|A0A84	1
tr|A0A844CJ73|A0A84	1
tr|A0A844YUP4|A0A84	1
tr|A0A848MKC9|A0A84	1
tr|A0A8X8SRY3|A0A8X	1
tr|A0A916TLW9|A0A91	1
tr|A0A923S4G1|A0A92	1
tr|A0A940FR49|A0A94	1
tr|A0A940JCA4|A0A94	1
tr|A0A945UMF9|A0A94	1
tr|A0A947D7G0|A0A94	1
tr|A0A950I7L3|A0A95	2
tr|A0A961R514|A0A96	1
tr|A0A961V5X5|A0A96	1
tr|A0A963JHA3|A0A96	1
tr|A0A972V444|A0A97	1
tr|A0A975PQG0|A0A97	1
tr|A9D313|A9D313_HO	1
tr|A9HQR0|A9HQR0_GL	1
tr|E6VQ14|E6VQ14_RH	1
tr|F2J277|F2J277_PO	1
tr|Q2RSB6|Q2RSB6_RH	1
tr|Q6LB43|Q6LB43_AF	1
sp|A0A0N8YGA2|ANOR_	79
sp|Q2T4M4|THAA_BURT	1
tr|A0A010S3F7|A0A01	7
tr|A0A063B6Q0|A0A06	1
tr|A0A0A0HHH7|A0A0A	4
tr|A0A0B1PYS0|A0A0B	1
tr|A0A0B4BV90|A0A0B	1
tr|A0A0D0KTP4|A0A0D	6
tr|A0A0D1EKY7|A0A0D	1
tr|A0A0E1RZG6|A0A0E	26
tr|A0A0E1WZZ6|A0A0E	33
tr|A0A0F5LVU3|A0A0F	1
tr|A0A0Q5FAT1|A0A0Q	1
tr|A0A0Q6RVS7|A0A0Q	1
tr|A0A0T9NGC0|A0A0T	2
tr|A0A0W0Y584|A0A0W	3
tr|A0A125Q4K2|A0A12	1
tr|A0A1B3DHA8|A0A1B	12
tr|A0A1C2DXX4|A0A1C	12
tr|A0A1G0I3L5|A0A1G	1
tr|A0A1G7YG32|A0A1G	1
tr|A0A1H0N898|A0A1H	1
tr|A0A1H2ERA5|A0A1H	2
tr|A0A1I2JBT4|A0A1I	1
tr|A0A1I4V179|A0A1I	1
tr|A0A1K1RPX9|A0A1K	1
tr|A0A1M2Z6I7|A0A1M	1
tr|A0A1M4N4I2|A0A1M	1
tr|A0A1N6E7D6|A0A1N	2
tr|A0A1N6FSP0|A0A1N	1
tr|A0A1N6GWD5|A0A1N	1
tr|A0A1N7AMF3|A0A1N	2
tr|A0A1P8MT73|A0A1P	2
tr|A0A1Q4FIM5|A0A1Q	1
tr|A0A1Q8TA16|A0A1Q	3
tr|A0A1S8YD77|A0A1S	1
tr|A0A1V2UXD8|A0A1V	7
tr|A0A1X1ETS2|A0A1X	2
tr|A0A228H426|A0A22	6
tr|A0A239LH86|A0A23	6
tr|A0A249DX12|A0A24	5
tr|A0A285NNR8|A0A28	1
tr|A0A2D5IKR5|A0A2D	4
tr|A0A2G4YUJ0|A0A2G	1
tr|A0A2G8TI86|A0A2G	1
tr|A0A2J7TMK5|A0A2J	2
tr|A0A2K4G7B0|A0A2K	1
tr|A0A2K8YL74|A0A2K	1
tr|A0A2L1JA70|A0A2L	2
tr|A0A2N7X6A7|A0A2N	2
tr|A0A2S8YBM9|A0A2S	1
tr|A0A2S9I447|A0A2S	1
tr|A0A2T0X045|A0A2T	1
tr|A0A2T0X150|A0A2T	1
tr|A0A2T3D2A3|A0A2T	1
tr|A0A2T7WE93|A0A2T	1
tr|A0A2W5FNL5|A0A2W	1
tr|A0A2W7NEM2|A0A2W	1
tr|A0A315WW75|A0A31	1
tr|A0A369T8Q2|A0A36	1
tr|A0A3L6LV78|A0A3L	1
tr|A0A3M0C5B9|A0A3M	1
tr|A0A3M0CKX5|A0A3M	1
tr|A0A3M2DNC8|A0A3M	1
tr|A0A3N7HPZ7|A0A3N	1
tr|A0A429VBT5|A0A42	1
tr|A0A431KID4|A0A43	1
tr|A0A437RGZ7|A0A43	2
tr|A0A438AD88|A0A43	1
tr|A0A4Q1UM02|A0A4Q	1
tr|A0A4Q2T4I5|A0A4Q	1
tr|A0A4R2PLB1|A0A4R	1
tr|A0A519HAM4|A0A51	3
tr|A0A546WCX2|A0A54	2
tr|A0A6I6T4E8|A0A6I	2
tr|A0A6I7N7C4|A0A6I	1
tr|A0A6J4FTY2|A0A6J	1
tr|A0A6N9T083|A0A6N	3
tr|A0A730ZQ01|A0A73	1
tr|A0A7C8HT41|A0A7C	1
tr|A0A7D5D756|A0A7D	1
tr|A0A7W3WEF0|A0A7W	1
tr|A0A7W4IGV8|A0A7W	1
tr|A0A7Y4WRD5|A0A7Y	1
tr|A0A7Y8T5I2|A0A7Y	1
tr|A0A7Y8VGC5|A0A7Y	1
tr|A0A837K5M9|A0A83	1
tr|A0A838MG29|A0A83	1
tr|A0A840AY48|A0A84	1
tr|A0A840BT09|A0A84	1
tr|A0A841J208|A0A84	1
tr|A0A850PY99|A0A85	1
tr|A0A8E1V9L5|A0A8E	1
tr|A0A8J3MFM1|A0A8J	1
tr|A0A934HQF8|A0A93	3
tr|A0A934IBA1|A0A93	1
tr|A0A935XXN9|A0A93	1
tr|A0A947GUM9|A0A94	1
tr|A0A947ZK67|A0A94	2
tr|A0A950USZ3|A0A95	1
tr|A0A952SJR4|A0A95	1
tr|A0A962K2G6|A0A96	1
tr|A0A963QRJ1|A0A96	1
tr|A3JLR7|A3JLR7_9R	1
tr|B3PCB5|B3PCB5_CE	1
tr|B7T9W6|B7T9W6_9B	1
tr|I0HS16|I0HS16_RU	2
tr|J3CHF8|J3CHF8_9H	1
tr|K0Q4M8|K0Q4M8_9H	1
tr|K9HPM0|K9HPM0_9P	1
tr|G3XD77|G3XD77_PS	10
tr|A0A022GRS8|A0A02	2
tr|A0A089WJ91|A0A08	1
tr|A0A099T5K3|A0A09	3
tr|A0A0A7JPB2|A0A0A	2
tr|A0A0B1YXD4|A0A0B	45
tr|A0A0B5E6C4|A0A0B	12
tr|A0A0B6RZN9|A0A0B	28
tr|A0A0B6S214|A0A0B	14
tr|A0A0B6S573|A0A0B	1
tr|A0A0B7DIC2|A0A0B	24
tr|A0A0D1LZL7|A0A0D	3
tr|A0A0F4TIK3|A0A0F	29
tr|A0A0F9HWX6|A0A0F	1
tr|A0A0J9H132|A0A0J	1
tr|A0A0M9GCJ6|A0A0M	7
tr|A0A0M9GES1|A0A0M	9
tr|A0A0N0J9F4|A0A0N	8
tr|A0A0N0JME5|A0A0N	3
tr|A0A0N1N5F9|A0A0N	6
tr|A0A0N8IBN2|A0A0N	8
tr|A0A0N8VUH3|A0A0N	13
tr|A0A0Q5DKJ9|A0A0Q	1
tr|A0A0Q6A5N4|A0A0Q	2
tr|A0A0Q7D859|A0A0Q	5
tr|A0A0Q8R463|A0A0Q	2
tr|A0A0Q8WI72|A0A0Q	1
tr|A0A0S9LHL0|A0A0S	1
tr|A0A109KT49|A0A10	1
tr|A0A109LSY0|A0A10	2
tr|A0A118DLU5|A0A11	2
tr|A0A126V0T3|A0A12	1
tr|A0A126ZHG1|A0A12	9
tr|A0A173H074|A0A17	1
tr|A0A178MJW6|A0A17	1
tr|A0A178N1H4|A0A17	2
tr|A0A1C1Z076|A0A1C	1
tr|A0A1C2HX28|A0A1C	7
tr|A0A1C3K8H6|A0A1C	5
tr|A0A1E2V933|A0A1E	1
tr|A0A1F4IA28|A0A1F	8
tr|A0A1G8Z3B1|A0A1G	3
tr|A0A1H1YLD2|A0A1H	6
tr|A0A1H2FED0|A0A1H	5
tr|A0A1H5KDY8|A0A1H	7
tr|A0A1H9GZN4|A0A1H	5
tr|A0A1I2E0J0|A0A1I	3
tr|A0A1I3NWF4|A0A1I	2
tr|A0A1I4YJZ0|A0A1I	1
tr|A0A1I5FCD2|A0A1I	5
tr|A0A1I5PQP3|A0A1I	1
tr|A0A1M3M576|A0A1M	4
tr|A0A1N6FC96|A0A1N	1
tr|A0A1N6XZP0|A0A1N	1
tr|A0A1N7BM13|A0A1N	1
tr|A0A1R3FLS5|A0A1R	2
tr|A0A1S2UVJ5|A0A1S	5
tr|A0A1U9R6N7|A0A1U	1
tr|A0A1X4J0C1|A0A1X	6
tr|A0A1X7DWM5|A0A1X	3
tr|A0A1X7FKE6|A0A1X	1
tr|A0A1Y0N9Y3|A0A1Y	1
tr|A0A1Y0NCQ6|A0A1Y	1
tr|A0A1Z8A5X7|A0A1Z	2
tr|A0A238JA35|A0A23	1
tr|A0A244E3S2|A0A24	5
tr|A0A257DAP2|A0A25	1
tr|A0A258GFI6|A0A25	6
tr|A0A270BWB1|A0A27	1
tr|A0A286I5M1|A0A28	1
tr|A0A2A5BXQ0|A0A2A	1
tr|A0A2A5R8U2|A0A2A	5
tr|A0A2D9YU39|A0A2D	1
tr|A0A2E2MC70|A0A2E	1
tr|A0A2G3JY70|A0A2G	1
tr|A0A2G3K918|A0A2G	1
tr|A0A2G5K872|A0A2G	1
tr|A0A2G5KB05|A0A2G	1
tr|A0A2G6CEU4|A0A2G	2
tr|A0A2I0F9K9|A0A2I	1
tr|A0A2K9F1R0|A0A2K	1
tr|A0A2N0DTC5|A0A2N	2
tr|A0A2N0V1Y5|A0A2N	3
tr|A0A2N5C6W6|A0A2N	1
tr|A0A2N7W0Z9|A0A2N	3
tr|A0A2N8KTT1|A0A2N	2
tr|A0A2R8C1K2|A0A2R	1
tr|A0A2Z2LGZ5|A0A2Z	1
tr|A0A315BHT0|A0A31	1
tr|A0A317PDI2|A0A31	1
tr|A0A329AMC6|A0A32	1
tr|A0A366DX95|A0A36	2
tr|A0A381KQ57|A0A38	1
tr|A0A399RF80|A0A39	1
tr|A0A3A3FHW1|A0A3A	1
tr|A0A3D1J6B1|A0A3D	1
tr|A0A3D9FI80|A0A3D	1
tr|A0A3E0TNQ4|A0A3E	2
tr|A0A3F3GTD5|A0A3F	2
tr|A0A3M0WSC6|A0A3M	1
tr|A0A3M1LXC7|A0A3M	2
tr|A0A3N7C6Q5|A0A3N	2
tr|A0A3N7CLB5|A0A3N	1
tr|A0A3N8CAR4|A0A3N	1
tr|A0A3N8GK35|A0A3N	1
tr|A0A3N8H8K0|A0A3N	2
tr|A0A3P5XDT9|A0A3P	2
tr|A0A3S2X2J2|A0A3S	2
tr|A0A419A7Q0|A0A41	1
tr|A0A424WBJ2|A0A42	5
tr|A0A426FSE8|A0A42	1
tr|A0A447KNX7|A0A44	2
tr|A0A482Z651|A0A48	1
tr|A0A4D6XFX7|A0A4D	98
tr|A0A4P7D6C8|A0A4P	2
tr|A0A4Q7VWA4|A0A4Q	1
tr|A0A4R6AF48|A0A4R	1
tr|A0A4R8JRH6|A0A4R	1
tr|A0A4U0PHU1|A0A4U	1
tr|A0A4U0Q8Q0|A0A4U	1
tr|A0A4V1N3Z0|A0A4V	1
tr|A0A4V1VDH3|A0A4V	1
tr|A0A4V5PIX8|A0A4V	1
tr|A0A4Y8RFQ8|A0A4Y	1
tr|A0A516SBF5|A0A51	1
tr|A0A516SCU6|A0A51	1
tr|A0A521HNB2|A0A52	1
tr|A0A521ZHJ1|A0A52	1
tr|A0A522S2J3|A0A52	1
tr|A0A545UFU1|A0A54	1
tr|A0A547P705|A0A54	1
tr|A0A560DG59|A0A56	2
tr|A0A5B8FV40|A0A5B	1
tr|A0A5B8I7A1|A0A5B	1
tr|A0A5C7P0F3|A0A5C	1
tr|A0A5D0SBE3|A0A5D	1
tr|A0A5E4ZFT9|A0A5E	1
tr|A0A5E7YA95|A0A5E	1
tr|A0A657LMV7|A0A65	1
tr|A0A657LX93|A0A65	1
tr|A0A6A7YHF3|A0A6A	5
tr|A0A6C1N475|A0A6C	1
tr|A0A6J4FY98|A0A6J	1
tr|A0A6M1M4A6|A0A6M	3
tr|A0A6N8ZJT3|A0A6N	4
tr|A0A6P1T6Q9|A0A6P	1
tr|A0A7C2DY03|A0A7C	1
tr|A0A7C9FX55|A0A7C	1
tr|A0A7C9QTF0|A0A7C	2
tr|A0A7G5LLU8|A0A7G	1
tr|A0A7U7QCT5|A0A7U	2
tr|A0A7W6K0U5|A0A7W	1
tr|A0A7W6NAP6|A0A7W	2
tr|A0A7Y4T6Z1|A0A7Y	1
tr|A0A7Y6TWC7|A0A7Y	1
tr|A0A7Z2VYK8|A0A7Z	1
tr|A0A7Z3H817|A0A7Z	1
tr|A0A7Z8HSG6|A0A7Z	1
tr|A0A809RNT5|A0A80	1
tr|A0A840HR06|A0A84	1
tr|A0A840RS64|A0A84	1
tr|A0A842I0Y1|A0A84	1
tr|A0A842I2E8|A0A84	1
tr|A0A848XGU3|A0A84	5
tr|A0A853SAY3|A0A85	1
tr|A0A8I0JB67|A0A8I	1
tr|A0A916XRF5|A0A91	2
tr|A0A917BNF3|A0A91	1
tr|A0A923Y646|A0A92	2
tr|A0A927FH36|A0A92	1
tr|A0A930CRK8|A0A93	4
tr|A0A932F349|A0A93	1
tr|A0A939H1U0|A0A93	1
tr|A0A940FYJ4|A0A94	1
tr|A0A941BRJ4|A0A94	1
tr|A0A947E2D4|A0A94	1
tr|A0A949G4M1|A0A94	1
tr|A0A953VKH6|A0A95	1
tr|A0A961LHS1|A0A96	1
tr|A0A963TXX6|A0A96	1
tr|A0A963VD80|A0A96	1
tr|A0A965D9U7|A0A96	1
tr|A0A975E8Q2|A0A97	1
tr|A0A975Q2T8|A0A97	1
tr|A0A976PAW2|A0A97	1
tr|A9D281|A9D281_HO	1
tr|D0KZC8|D0KZC8_HA	1
tr|F6IEK4|F6IEK4_9S	1
tr|H5WT03|H5WT03_9B	1
tr|J2X2A9|J2X2A9_9P	1
tr|A0A060USF2|A0A06	4
tr|A0A0A1YXI3|A0A0A	17
tr|A0A0A8UNI6|A0A0A	2
tr|A0A0D0MX93|A0A0D	13
tr|A0A0D8CQ43|A0A0D	1
tr|A0A0E1S1E8|A0A0E	24
tr|A0A0E3VXX0|A0A0E	8
tr|A0A0F5LQQ3|A0A0F	2
tr|A0A0F5LUZ6|A0A0F	4
tr|A0A0L1KCW8|A0A0L	5
tr|A0A0M0EHU0|A0A0M	8
tr|A0A0M6XQF8|A0A0M	1
tr|A0A0M6YHJ5|A0A0M	2
tr|A0A0Q4P094|A0A0Q	1
tr|A0A0Q6ETJ8|A0A0Q	1
tr|A0A0Q7F8X5|A0A0Q	1
tr|A0A0R3ADY1|A0A0R	10
tr|A0A0S4HX52|A0A0S	7
tr|A0A0S4Q6V7|A0A0S	1
tr|A0A0S4TPY4|A0A0S	17
tr|A0A0S9LHN2|A0A0S	1
tr|A0A0U1NM77|A0A0U	1
tr|A0A0U5ILV8|A0A0U	1
tr|A0A0W0N907|A0A0W	45
tr|A0A0W0VFI0|A0A0W	1
tr|A0A109LYC3|A0A10	4
tr|A0A135IBQ2|A0A13	1
tr|A0A140E5U4|A0A14	8
tr|A0A143GAX2|A0A14	18
tr|A0A158EHG9|A0A15	1
tr|A0A193FF91|A0A19	1
tr|A0A198YVV8|A0A19	13
tr|A0A1A9FXJ1|A0A1A	2
tr|A0A1C3E8Z0|A0A1C	1
tr|A0A1G5JF07|A0A1G	1
tr|A0A1G7YDX2|A0A1G	2
tr|A0A1H0G9I0|A0A1H	4
tr|A0A1H1H8Q5|A0A1H	2
tr|A0A1H2ZFM9|A0A1H	6
tr|A0A1H5XQA9|A0A1H	3
tr|A0A1I5M8J8|A0A1I	1
tr|A0A1I7DZC1|A0A1I	1
tr|A0A1L7AI80|A0A1L	1
tr|A0A1M3DGT3|A0A1M	1
tr|A0A1M6UBD7|A0A1M	1
tr|A0A1N7D6E5|A0A1N	1
tr|A0A1N7RY95|A0A1N	1
tr|A0A1S1V313|A0A1S	10
tr|A0A1T1HRZ7|A0A1T	3
tr|A0A1T4T521|A0A1T	1
tr|A0A1T4WIG7|A0A1T	1
tr|A0A255X0K2|A0A25	4
tr|A0A291ABR0|A0A29	20
tr|A0A291M292|A0A29	2
tr|A0A2A4P0I8|A0A2A	1
tr|A0A2A5FWB4|A0A2A	1
tr|A0A2A5HNG6|A0A2A	1
tr|A0A2D6DJQ1|A0A2D	1
tr|A0A2E2IQM7|A0A2E	1
tr|A0A2L1HSZ0|A0A2L	5
tr|A0A2N7VI42|A0A2N	3
tr|A0A2P8KE48|A0A2P	3
tr|A0A2S5T4T3|A0A2S	1
tr|A0A2T6BM32|A0A2T	2
tr|A0A2Z4K1P7|A0A2Z	2
tr|A0A316G4Z7|A0A31	1
tr|A0A328YQW6|A0A32	1
tr|A0A348HFG2|A0A34	1
tr|A0A368XB82|A0A36	1
tr|A0A368XN37|A0A36	1
tr|A0A378IA41|A0A37	1
tr|A0A3E0U1F9|A0A3E	2
tr|A0A3R8MVP1|A0A3R	1
tr|A0A3R9X9U0|A0A3R	1
tr|A0A437LBN8|A0A43	1
tr|A0A439GLJ0|A0A43	12
tr|A0A4Q2J5T5|A0A4Q	1
tr|A0A4Q3P189|A0A4Q	1
tr|A0A4Q4AYJ2|A0A4Q	1
tr|A0A4S8EMD7|A0A4S	1
tr|A0A4V2QDE1|A0A4V	1
tr|A0A4V3H784|A0A4V	1
tr|A0A534A714|A0A53	1
tr|A0A5A7MY08|A0A5A	1
tr|A0A5B0W8G0|A0A5B	2
tr|A0A5C7Q5J8|A0A5C	2
tr|A0A5M6I411|A0A5M	3
tr|A0A5P9GVT9|A0A5P	1
tr|A0A5Q0BGB6|A0A5Q	1
tr|A0A6I1KZN6|A0A6I	1
tr|A0A6I7HSA1|A0A6I	2
tr|A0A6M1S6T4|A0A6M	1
tr|A0A6N3LUI1|A0A6N	1
tr|A0A7C9RFS9|A0A7C	1
tr|A0A7D3XI00|A0A7D	1
tr|A0A7Y4TC99|A0A7Y	1
tr|A0A7Y5CWD2|A0A7Y	1
tr|A0A840RC97|A0A84	1
tr|A0A840S0V9|A0A84	1
tr|A0A843YU51|A0A84	1
tr|A0A844AN61|A0A84	1
tr|A0A844XTU6|A0A84	1
tr|A0A845QCN5|A0A84	2
tr|A0A848HRS5|A0A84	1
tr|A0A8J3GI42|A0A8J	1
tr|A0A8X8T009|A0A8X	1
tr|A0A917E6A8|A0A91	1
tr|A0A921NQG0|A0A92	1
tr|A0A923F6B4|A0A92	1
tr|A0A923YKG5|A0A92	2
tr|A0A924V2N0|A0A92	1
tr|A0A925DKM7|A0A92	1
tr|A0A927KQE5|A0A92	1
tr|A0A929IMY0|A0A92	1
tr|A0A930CPK1|A0A93	5
tr|A0A942E9T0|A0A94	1
tr|A0A948QTN1|A0A94	1
tr|A0A975JLL7|A0A97	1
tr|A8LJI2|A8LJI2_DI	1
tr|C6C6M7|C6C6M7_MU	1
tr|A0A0A7JVL9|A0A0A	1
tr|A0A0B6S599|A0A0B	1
tr|A0A109K4W6|A0A10	4
tr|A0A1B5DLD5|A0A1B	6
tr|A0A1C3XI04|A0A1C	1
tr|A0A1G7GD90|A0A1G	1
tr|A0A1H6HZF7|A0A1H	2
tr|A0A1H7SAY0|A0A1H	1
tr|A0A1I1CPJ5|A0A1I	1
tr|A0A1I4ZZS0|A0A1I	3
tr|A0A1I9Y6B5|A0A1I	1
tr|A0A1J0VAD2|A0A1J	1
tr|A0A1L9P1C4|A0A1L	1
tr|A0A1M3PLC9|A0A1M	2
tr|A0A1Q3Z1M9|A0A1Q	7
tr|A0A1Q4FPT8|A0A1Q	1
tr|A0A256FZ42|A0A25	5
tr|A0A2A4FJY3|A0A2A	1
tr|A0A2A7SB57|A0A2A	2
tr|A0A2G2BP52|A0A2G	2
tr|A0A2N0XNE1|A0A2N	2
tr|A0A2N8SQ01|A0A2N	2
tr|A0A2U3PUP5|A0A2U	2
tr|A0A317E6S9|A0A31	1
tr|A0A348HEP9|A0A34	1
tr|A0A348HFU5|A0A34	2
tr|A0A3R8Z896|A0A3R	1
tr|A0A495RFT9|A0A49	2
tr|A0A4D7DTB7|A0A4D	1
tr|A0A4Q8QMW1|A0A4Q	9
tr|A0A4R6MW36|A0A4R	1
tr|A0A4U6RZN8|A0A4U	2
tr|A0A4V6Y1N2|A0A4V	1
tr|A0A501PGW4|A0A50	1
tr|A0A516MZ84|A0A51	2
tr|A0A5B8R290|A0A5B	2
tr|A0A6I6H5B8|A0A6I	2
tr|A0A6J5FBV3|A0A6J	1
tr|A0A6N9HQD9|A0A6N	1
tr|A0A7C1WUK3|A0A7C	6
tr|A0A7L8S5G8|A0A7L	6
tr|A0A7S8F6F7|A0A7S	1
tr|A0A7U5XZK6|A0A7U	1
tr|A0A7V9W5A0|A0A7V	1
tr|A0A7W1AYA4|A0A7W	1
tr|A0A7W8UBI5|A0A7W	1
tr|A0A7W9ZEU2|A0A7W	1
tr|A0A7Z8LBD9|A0A7Z	1
tr|A0A841LZ00|A0A84	1
tr|A0A853IA92|A0A85	1
tr|A0A8I0BHH6|A0A8I	1
tr|A0A8J3GGC1|A0A8J	1
tr|A0A916U3P8|A0A91	1
tr|A0A940FXI1|A0A94	1
tr|A0A947KVD4|A0A94	1
tr|A0A961SED3|A0A96	1
tr|A0A977SN60|A0A97	1
tr|C5ANM9|C5ANM9_BU	1
tr|A0A0B4X6P8|A0A0B	5
tr|A0A0D1M2G3|A0A0D	4
tr|A0A0D6T7L3|A0A0D	1
tr|A0A0E0UKS6|A0A0E	5
tr|A0A0F6ZN45|A0A0F	57
tr|A0A0F7PQQ8|A0A0F	1
tr|A0A0F7Y486|A0A0F	12
tr|A0A0N1A888|A0A0N	2
tr|A0A0Q6RH26|A0A0Q	2
tr|A0A0Q7XMQ2|A0A0Q	7
tr|A0A0R3BR99|A0A0R	16
tr|A0A0X1T6Q8|A0A0X	1
tr|A0A142BPY8|A0A14	2
tr|A0A142MGD7|A0A14	1
tr|A0A143ZT67|A0A14	3
tr|A0A177SNP8|A0A17	5
tr|A0A178MV58|A0A17	1
tr|A0A178XYW6|A0A17	5
tr|A0A1A9GFM0|A0A1A	11
tr|A0A1B1KPZ5|A0A1B	2
tr|A0A1C3WCY7|A0A1C	7
tr|A0A1C3X6J3|A0A1C	6
tr|A0A1C3XBK9|A0A1C	1
tr|A0A1D9BDU1|A0A1D	1
tr|A0A1E3Y4Z0|A0A1E	3
tr|A0A1H4YSR9|A0A1H	2
tr|A0A1H8LHK3|A0A1H	1
tr|A0A1I1CNF8|A0A1I	1
tr|A0A1Q3LTH5|A0A1Q	1
tr|A0A1S2DZK4|A0A1S	3
tr|A0A1S7S9F4|A0A1S	2
tr|A0A1S7SIP4|A0A1S	2
tr|A0A1V2AK04|A0A1V	1
tr|A0A1V2AKB4|A0A1V	1
tr|A0A1W2ETR9|A0A1W	1
tr|A0A1X7FQ06|A0A1X	9
tr|A0A1Y6KEN3|A0A1Y	1
tr|A0A238J5I4|A0A23	1
tr|A0A2A6P246|A0A2A	2
tr|A0A2D4Y1N6|A0A2D	5
tr|A0A2D6RH68|A0A2D	1
tr|A0A2D8YLC4|A0A2D	1
tr|A0A2E0ISK7|A0A2E	2
tr|A0A2G9WSB6|A0A2G	1
tr|A0A2K9M6K6|A0A2K	5
tr|A0A2M9VP40|A0A2M	11
tr|A0A2N7TQG8|A0A2N	2
tr|A0A2P9AGP1|A0A2P	7
tr|A0A2S3WIJ9|A0A2S	3
tr|A0A2T4V458|A0A2T	1
tr|A0A2W5QQW0|A0A2W	2
tr|A0A2W7RBN1|A0A2W	3
tr|A0A329WAQ5|A0A32	12
tr|A0A348HCV2|A0A34	1
tr|A0A348HCV4|A0A34	1
tr|A0A348HDB0|A0A34	2
tr|A0A348HIL4|A0A34	1
tr|A0A371X2B5|A0A37	1
tr|A0A386E7N6|A0A38	1
tr|A0A3S0KZL1|A0A3S	1
tr|A0A3S9AZW5|A0A3S	1
tr|A0A420WJG3|A0A42	1
tr|A0A447V0H2|A0A44	6
tr|A0A4D4INI7|A0A4D	3
tr|A0A4D7Z652|A0A4D	2
tr|A0A4S8N8W9|A0A4S	2
tr|A0A4U1IGM3|A0A4U	2
tr|A0A547NAW6|A0A54	1
tr|A0A561PZ96|A0A56	1
tr|A0A561PZE6|A0A56	1
tr|A0A5A7N9J9|A0A5A	2
tr|A0A5C1WG47|A0A5C	3
tr|A0A5C7KF08|A0A5C	1
tr|A0A640VUQ7|A0A64	1
tr|A0A657LLS7|A0A65	1
tr|A0A6A8A999|A0A6A	1
tr|A0A6H0J0R8|A0A6H	1
tr|A0A6I5RMB9|A0A6I	1
tr|A0A6N6R2Z2|A0A6N	2
tr|A0A7C9VFJ5|A0A7C	1
tr|A0A7W5QB93|A0A7W	2
tr|A0A7Z7BRV0|A0A7Z	1
tr|A0A840L8W7|A0A84	1
tr|A0A848WM83|A0A84	1
tr|A0A849GVW6|A0A84	1
tr|A0A8J6PX67|A0A8J	1
tr|A0A923GBX1|A0A92	1
tr|A0A949KDM6|A0A94	1
tr|Q19U14|Q19U14_AZ	1
tr|Q1I4K5|Q1I4K5_PS	1
tr|A0A074JEJ0|A0A07	4
tr|A0A074KCR1|A0A07	1
tr|A0A086G8I8|A0A08	11
tr|A0A0C1GLI9|A0A0C	15
tr|A0A0L6CX08|A0A0L	7
tr|A0A0N7M8N7|A0A0N	11
tr|A0A0P1J1L9|A0A0P	1
tr|A0A0Q6SE90|A0A0Q	1
tr|A0A0U3L225|A0A0U	1
tr|A0A151KUV1|A0A15	3
tr|A0A178MNF1|A0A17	2
tr|A0A1C1YUA0|A0A1C	1
tr|A0A1E3LH70|A0A1E	1
tr|A0A1G8Z6X5|A0A1G	2
tr|A0A1H2MLG3|A0A1H	4
tr|A0A1H9HRJ9|A0A1H	1
tr|A0A1H9SBL1|A0A1H	1
tr|A0A1I1Y953|A0A1I	3
tr|A0A1M5JKH5|A0A1M	1
tr|A0A1R3WUS0|A0A1R	1
tr|A0A1S7NH80|A0A1S	2
tr|A0A1V2AK89|A0A1V	1
tr|A0A1X6ZAC3|A0A1X	1
tr|A0A1Y5SQY8|A0A1Y	1
tr|A0A1Y5TD82|A0A1Y	1
tr|A0A1Y5THL8|A0A1Y	1
tr|A0A239BY13|A0A23	13
tr|A0A240A972|A0A24	1
tr|A0A2E3FFQ2|A0A2E	2
tr|A0A2E6ITN8|A0A2E	1
tr|A0A2G6IM77|A0A2G	2
tr|A0A2R8BXW3|A0A2R	1
tr|A0A2W5SCD3|A0A2W	1
tr|A0A316H3E2|A0A31	1
tr|A0A3D9BZF3|A0A3D	1
tr|A0A3M0CTJ3|A0A3M	1
tr|A0A3P3DK64|A0A3P	2
tr|A0A3S8UQX8|A0A3S	1
tr|A0A431KNF3|A0A43	1
tr|A0A4R5EZ23|A0A4R	3
tr|A0A4R5JYF7|A0A4R	1
tr|A0A521EJS3|A0A52	1
tr|A0A521W8G0|A0A52	1
tr|A0A528WXA8|A0A52	2
tr|A0A5E7DY30|A0A5E	1
tr|A0A6A7YJH7|A0A6A	4
tr|A0A6I2LJJ9|A0A6I	3
tr|A0A6I6IRG0|A0A6I	1
tr|A0A6L8LTK7|A0A6L	1
tr|A0A7W5LTI5|A0A7W	2
tr|A0A7Z0HWK0|A0A7Z	1
tr|A0A840SRQ8|A0A84	2
tr|A0A8I1NWI2|A0A8I	1
tr|A0A8T4AS34|A0A8T	1
tr|A0A916UUV9|A0A91	1
tr|A0A934HIZ8|A0A93	1
tr|A0A950QC46|A0A95	1
tr|A0A958GQZ0|A0A95	1
tr|A0A961F6W7|A0A96	1
tr|A0A961L1Q1|A0A96	3
tr|A0A967B8U3|A0A96	1
tr|A0A975ENE7|A0A97	1
tr|A0P1W5|A0P1W5_RO	1
tr|I2B7Z3|I2B7Z3_SH	1
tr|I4MWS1|I4MWS1_9P	1
tr|Q83XU7|Q83XU7_CH	1
tr|W4HR58|W4HR58_9R	1
tr|W6W4S7|W6W4S7_RH	1
tr|X7FCN9|X7FCN9_9R	1
tr|A0A0H5BQE4|A0A0H	1
tr|A0A0Q0TE61|A0A0Q	3
tr|A0A0Q8NJJ0|A0A0Q	2
tr|A0A1G9Z7A1|A0A1G	2
tr|A0A1Q8ZQG0|A0A1Q	1
tr|A0A240BTN3|A0A24	1
tr|A0A2D4Y1N1|A0A2D	8
tr|A0A2D9TVB0|A0A2D	2
tr|A0A2S7X1G5|A0A2S	1
tr|A0A315WW93|A0A31	1
tr|A0A348HCV3|A0A34	1
tr|A0A368HG23|A0A36	1
tr|A0A3L7J3S5|A0A3L	1
tr|A0A3S0Z119|A0A3S	1
tr|A0A420CEY9|A0A42	1
tr|A0A495RHY0|A0A49	2
tr|A0A4Y8WIU9|A0A4Y	1
tr|A0A515ESX6|A0A51	1
tr|A0A5C7KEM4|A0A5C	1
tr|A0A5C7KH97|A0A5C	1
tr|A0A5C7VBU3|A0A5C	1
tr|A0A7W4I8N1|A0A7W	2
tr|A0A7W6J3S9|A0A7W	1
tr|A0A849KYT0|A0A84	1
tr|A0A077FH01|A0A07	1
tr|A0A085HFY9|A0A08	2
tr|A0A099TBM3|A0A09	2
tr|A0A0Q5DRX4|A0A0Q	1
tr|A0A1H8RPS0|A0A1H	1
tr|A0A1L9BM79|A0A1L	1
tr|A0A1L9P269|A0A1L	1
tr|A0A1M4MWN1|A0A1M	1
tr|A0A1V4HU27|A0A1V	2
tr|A0A2D8TJT1|A0A2D	2
tr|A0A345DEB7|A0A34	1
tr|A0A386UU44|A0A38	1
tr|A0A3M1C5Y3|A0A3M	1
tr|A0A494X8E4|A0A49	1
tr|A0A7S9LNR3|A0A7S	1
tr|A0A7W4PID2|A0A7W	1
tr|A0A924WY94|A0A92	1
tr|A0A940JMQ7|A0A94	1
tr|A0A950JFQ9|A0A95	1
tr|W4HF72|W4HF72_9R	1
tr|A0A084D7S2|A0A08	3
tr|A0A0E1SC42|A0A0E	29
tr|A0A0U3Q484|A0A0U	1
tr|A0A1G8MV63|A0A1G	1
tr|A0A1N6S6R8|A0A1N	1
tr|A0A1W2C742|A0A1W	1
tr|A0A285N8Z1|A0A28	1
tr|A0A2C9CWX3|A0A2C	2
tr|A0A2G1QTE1|A0A2G	1
tr|A0A2T0X3A8|A0A2T	1
tr|A0A2Y9TY05|A0A2Y	3
tr|A0A3N1PBG0|A0A3N	1
tr|A0A6I4TYW7|A0A6I	1
tr|A0A7W4PE69|A0A7W	1
tr|A0A899NNM2|A0A89	1
tr|A0A934SWZ3|A0A93	1
tr|A0A940YQ26|A0A94	1
tr|A0A948MZW2|A0A94	1
tr|A0A961KGB1|A0A96	1
